Nurse communication,Doctor communication,Staff responsiveness,Pain management,Communication about medicines,Discharge information,Care transition,Quietness,Cleanliness,RANK
68,73,45,56,47,68,43,31,52,0
80,79,57,66,51,80,55,36,67,1
71,73,52,62,42,68,45,39,62,1
78,79,56,62,48,78,51,46,64,1
78,77,56,64,40,74,48,37,54,0
76,74,55,60,42,68,45,28,60,1
74,78,52,63,43,76,50,54,54,1
80,80,51,66,51,76,55,54,54,1
76,74,53,65,39,64,50,35,67,0
76,78,52,65,44,80,50,43,49,1
73,71,49,59,44,60,43,45,58,0
74,74,51,61,46,72,49,27,52,0
63,72,36,54,37,62,37,46,53,0
76,73,60,64,47,72,50,43,56,0
64,71,34,53,37,72,46,44,51,0
79,74,66,65,48,74,49,36,52,0
76,76,44,62,46,76,51,28,56,0
71,70,42,59,38,72,41,26,60,0
76,79,53,63,44,72,51,57,59,1
66,70,48,56,33,66,37,34,61,0
80,81,59,68,52,74,54,63,62,1
71,71,45,61,40,72,46,49,70,1
65,72,34,48,36,68,28,8,39,0
74,78,54,63,42,76,52,35,61,1
72,75,46,58,41,74,38,31,63,0
73,77,52,65,43,72,45,46,58,0
80,78,57,66,56,82,57,56,68,1
72,77,48,61,40,72,45,35,64,0
80,79,64,67,54,74,57,62,59,1
74,75,51,60,39,72,47,47,64,1
73,72,50,62,37,72,48,30,48,0
65,72,40,53,33,74,36,34,43,0
77,75,65,61,46,80,52,18,63,1
75,71,52,62,44,74,49,44,60,1
70,75,43,54,43,72,48,27,57,0
61,77,33,54,33,64,42,36,30,0
65,74,42,59,39,64,43,25,64,0
48,63,21,42,23,60,24,15,37,0
77,75,61,63,41,72,50,36,50,0
78,76,54,66,48,76,50,44,64,0
75,73,45,61,37,76,44,28,58,0
76,81,53,64,47,76,53,64,65,1
80,78,57,66,52,76,53,62,63,1
73,70,53,58,39,72,43,44,54,0
74,75,57,66,41,76,48,37,61,1
69,70,47,56,41,74,39,31,53,0
82,85,65,69,60,82,53,58,58,1
76,79,53,62,52,80,48,52,58,0
68,72,52,58,41,72,32,33,50,0
71,74,51,58,43,72,45,33,52,0
79,77,56,67,48,78,53,39,66,1
77,76,54,64,46,76,50,47,65,1
70,71,53,61,50,76,41,46,47,0
78,75,61,65,44,78,48,37,67,1
71,75,45,58,42,74,44,39,60,0
74,69,51,61,41,72,49,59,69,1
74,70,52,61,42,74,46,30,60,0
73,74,53,65,42,76,46,38,58,0
70,71,39,57,34,66,41,28,49,0
77,76,57,69,47,72,50,45,65,1
72,71,48,54,37,72,47,42,52,0
71,76,54,63,37,72,40,10,55,0
74,78,52,66,46,72,50,45,69,1
71,67,55,60,35,74,44,36,57,0
77,84,58,69,50,78,51,51,50,1
69,64,46,61,37,78,42,45,64,0
80,80,62,64,59,82,55,56,70,1
73,72,57,59,46,72,46,50,63,0
76,76,50,60,44,78,49,38,55,0
70,71,47,57,43,74,42,43,54,0
76,74,56,65,42,74,47,50,61,0
74,79,54,66,46,68,53,55,64,1
75,74,50,65,42,74,46,37,66,0
75,76,57,63,50,76,46,61,62,0
73,78,47,59,40,68,46,48,49,0
76,75,64,66,46,78,50,50,62,1
74,75,52,61,44,74,50,33,54,1
76,77,58,62,46,82,48,49,61,1
73,78,52,62,44,80,50,47,64,1
78,78,54,67,51,74,52,59,62,1
62,67,37,46,36,76,40,18,48,0
71,71,45,55,42,76,44,39,61,0
77,75,55,66,42,72,45,45,72,1
75,73,59,64,44,74,50,63,70,1
78,72,55,67,44,78,48,36,66,0
75,79,55,63,46,72,48,51,60,0
56,71,27,47,27,62,35,28,50,0
81,80,68,71,59,80,60,68,73,1
78,74,60,66,49,78,52,63,69,1
77,79,61,70,43,80,47,48,58,1
78,75,63,68,47,74,50,50,68,1
71,74,46,60,35,70,43,50,59,0
74,76,59,64,46,78,44,35,49,0
66,71,39,56,35,72,42,39,57,0
69,73,44,62,40,66,46,31,58,0
79,77,60,69,49,78,55,56,65,1
73,77,56,65,47,72,48,47,65,1
73,73,52,60,35,78,45,55,60,0
78,78,56,66,42,78,50,49,64,1
70,71,41,57,38,76,45,21,61,0
77,76,57,60,43,78,47,51,66,1
79,75,51,68,57,74,47,44,66,0
67,72,41,54,34,72,41,21,30,0
72,75,48,64,36,68,43,37,57,0
76,75,64,62,48,80,50,60,74,1
80,80,58,69,48,78,52,45,67,1
75,76,54,67,46,74,51,45,65,1
74,79,50,62,44,72,49,58,60,0
66,69,43,53,30,60,33,41,35,0
75,77,57,64,48,80,47,55,54,1
71,72,46,61,36,70,44,57,56,0
67,76,40,59,36,64,42,47,47,0
79,76,61,68,48,82,53,52,71,1
74,74,52,59,42,74,46,35,65,0
70,73,48,60,46,72,36,50,58,0
79,78,57,69,48,82,51,45,69,1
74,72,53,60,45,68,46,41,63,0
69,70,43,59,38,72,35,28,57,0
83,81,61,70,48,82,48,41,65,1
79,76,57,70,48,74,51,52,71,1
73,73,48,61,46,76,47,54,59,0
73,70,54,62,38,68,44,38,55,0
75,73,57,62,38,80,51,48,62,1
79,75,62,68,50,80,50,49,70,1
78,80,54,64,46,72,49,66,53,0
72,76,54,58,45,66,34,49,42,0
70,70,50,62,43,74,46,28,51,0
80,81,63,70,50,78,55,52,63,1
74,77,56,59,39,72,48,55,70,1
78,75,61,67,43,74,51,41,60,1
73,75,56,69,44,64,49,48,64,1
72,69,46,63,43,66,48,31,61,0
71,71,49,62,40,70,47,41,62,1
70,76,54,63,41,70,46,40,62,1
69,72,40,57,39,74,41,27,43,0
75,73,58,68,45,70,50,51,71,1
73,76,52,60,45,74,43,48,51,0
78,77,53,66,47,82,49,59,63,0
48,57,11,36,7,50,22,22,40,0
74,74,64,63,46,74,50,52,62,1
74,74,51,64,48,76,54,44,62,1
79,76,58,65,47,72,51,52,77,1
77,67,54,64,39,68,38,18,61,0
76,74,43,64,41,68,47,51,64,0
70,70,50,61,43,74,42,43,49,0
76,79,52,64,44,70,45,54,65,1
76,75,59,66,42,68,46,60,61,1
58,74,22,48,28,50,30,42,55,0
77,75,54,64,44,70,49,48,71,1
76,80,63,65,50,74,48,60,55,1
76,76,55,67,46,76,51,60,67,1
65,70,42,53,40,70,39,43,45,0
78,77,57,66,45,80,49,63,58,1
72,70,49,65,43,74,46,34,64,0
56,60,34,52,30,60,28,38,48,0
68,68,38,58,42,64,37,35,55,0
69,73,48,60,39,74,41,50,58,0
79,76,57,66,49,74,50,43,61,1
69,73,51,63,44,76,48,49,70,1
70,70,49,64,42,76,41,53,57,0
72,75,51,59,40,76,45,44,55,0
74,72,55,61,40,80,46,41,69,1
77,80,52,69,37,74,48,50,54,1
65,69,44,57,40,74,41,32,42,0
66,69,37,58,34,72,39,29,52,0
59,66,33,52,39,72,40,19,46,0
80,79,57,68,49,74,52,60,67,1
80,80,67,69,48,76,54,42,61,1
65,75,38,53,39,78,31,5,44,0
76,74,56,63,46,70,45,54,75,0
77,78,57,65,46,78,50,52,62,1
74,73,48,63,36,60,43,55,54,0
74,75,51,66,43,72,46,47,55,1
80,76,59,69,46,80,51,50,67,1
79,79,59,71,45,70,51,58,62,1
67,74,46,64,47,86,62,53,70,0
73,71,53,62,39,68,41,40,54,0
73,77,53,66,45,78,48,48,66,1
77,81,61,68,51,76,48,64,60,1
72,72,60,66,42,70,47,46,61,1
71,72,41,58,43,66,43,30,63,0
75,72,53,61,39,74,46,36,57,0
71,72,50,61,40,70,45,55,60,0
73,76,47,64,38,60,42,31,62,1
68,71,40,60,33,68,31,35,51,0
73,74,48,64,34,76,45,32,57,1
73,74,55,61,35,76,43,27,62,0
76,78,57,67,48,70,51,55,68,1
67,66,40,56,39,66,42,47,61,0
74,78,56,65,47,78,47,47,67,1
69,77,39,56,39,72,53,17,50,0
72,72,56,62,43,74,43,37,62,0
64,67,39,53,38,68,38,43,50,0
69,67,48,60,48,70,47,30,54,0
69,75,42,58,38,76,41,35,56,0
71,68,48,60,45,70,33,22,47,0
77,74,59,66,47,76,48,29,65,0
75,77,58,63,45,78,50,57,60,1
74,76,54,69,42,78,48,32,60,0
71,76,44,60,42,74,42,50,52,0
72,71,37,57,41,74,42,36,47,0
72,72,50,61,43,78,49,51,61,0
81,78,57,71,48,80,54,56,65,1
58,63,39,49,31,64,39,26,60,0
80,80,62,69,47,80,55,57,63,1
70,74,46,58,42,68,44,43,38,0
75,76,50,66,46,66,44,55,52,0
69,68,43,60,36,70,42,37,65,0
72,77,49,64,43,76,44,48,55,0
75,73,54,58,41,70,39,28,62,0
75,75,52,64,42,72,45,39,63,0
80,78,68,67,48,78,53,53,63,1
59,63,38,49,31,56,29,34,43,0
77,79,58,66,44,76,52,45,70,1
77,76,53,66,39,68,46,36,60,0
68,75,44,61,40,70,45,55,64,0
78,75,56,60,52,70,47,42,56,0
78,77,57,65,42,74,49,38,67,1
79,74,61,66,49,76,52,38,66,1
65,74,38,52,41,66,43,42,73,0
78,79,61,65,55,80,55,54,77,1
69,69,44,56,30,72,43,30,49,0
60,56,38,49,30,58,37,39,55,0
68,72,43,58,38,68,44,35,64,0
77,75,46,62,45,74,45,59,63,0
78,78,58,65,43,64,45,48,70,1
72,77,54,65,42,74,43,50,51,0
71,73,53,61,39,76,45,39,60,0
63,68,37,56,31,66,35,53,44,0
80,83,54,70,55,74,56,61,63,1
78,84,62,65,50,72,51,72,62,1
82,79,56,68,49,76,54,39,68,1
79,74,62,70,52,70,51,49,58,1
71,71,60,60,44,76,41,35,59,0
71,71,53,59,46,72,44,43,43,0
75,74,58,68,42,76,46,42,56,0
79,78,51,69,53,82,56,45,70,1
76,74,65,65,42,76,47,44,58,0
75,74,55,64,42,78,45,49,65,1
71,77,57,67,48,78,41,47,50,0
69,65,47,62,40,76,43,38,57,0
68,74,49,63,47,68,42,54,59,0
75,82,60,67,52,78,50,50,68,1
82,82,68,71,56,74,55,56,75,1
72,67,53,60,36,66,41,36,55,0
70,75,43,55,40,60,37,42,33,0
69,72,56,64,40,72,41,29,49,0
62,66,34,54,38,64,42,27,43,0
80,82,61,67,51,76,63,69,71,1
58,71,27,48,31,52,32,29,46,0
81,79,67,64,50,72,52,36,66,1
79,75,53,65,45,78,46,26,62,0
74,74,51,65,44,72,46,33,64,1
74,77,58,69,46,74,51,51,71,1
70,68,52,60,35,68,41,32,56,0
71,72,47,59,40,76,47,43,61,0
73,79,53,63,44,74,45,54,53,1
75,75,58,69,46,76,50,56,66,1
76,75,58,63,47,78,47,55,78,1
72,78,51,63,42,70,48,36,68,0
72,77,48,60,45,76,43,52,47,0
81,78,62,70,56,80,55,43,64,1
73,70,58,61,35,72,43,34,53,0
73,76,55,66,38,72,46,33,65,1
72,75,49,62,43,74,49,29,61,0
83,84,69,70,62,82,55,60,67,1
77,78,53,59,46,76,49,57,68,1
73,74,57,62,42,76,45,44,55,0
68,72,45,57,37,66,40,48,51,0
77,79,61,65,47,72,50,64,57,0
80,75,59,71,46,72,47,47,55,0
68,70,49,61,35,62,36,28,56,0
63,74,36,56,30,60,45,45,56,0
74,79,56,60,43,68,52,44,49,1
77,77,52,62,46,66,48,65,59,1
74,80,56,59,53,76,46,51,65,0
76,80,58,66,48,74,45,51,59,1
64,74,37,56,41,76,30,39,56,0
63,69,26,56,32,76,35,23,51,0
71,72,51,58,40,74,44,40,51,0
74,77,51,63,40,74,49,61,57,1
70,73,41,59,42,66,42,44,59,0
73,68,49,61,41,70,45,47,61,0
73,71,52,59,44,70,40,50,59,0
73,71,48,63,36,72,45,37,60,0
73,79,54,62,42,76,48,36,58,0
67,74,46,60,36,70,43,55,47,0
77,71,52,63,37,74,46,49,50,0
66,66,41,57,40,70,41,38,66,0
75,72,60,62,47,76,44,38,64,0
68,70,41,62,46,70,43,39,53,0
76,77,55,63,50,70,50,50,59,1
75,79,57,66,49,80,51,47,60,1
81,81,68,70,54,78,56,55,68,1
76,74,61,67,52,80,52,50,71,1
75,77,55,66,40,66,52,61,74,1
74,74,51,66,35,78,44,51,55,0
79,76,59,68,46,80,50,44,66,1
64,66,44,52,30,66,36,26,45,0
79,78,57,68,45,74,49,41,65,1
81,78,60,70,55,78,55,55,69,1
76,82,58,67,51,76,51,63,54,1
74,72,57,64,48,78,45,45,57,0
76,77,56,66,46,76,48,50,62,1
70,72,47,59,41,66,43,41,65,0
76,73,52,64,46,70,46,42,67,0
70,73,49,60,39,74,42,48,62,0
69,74,45,61,41,74,47,10,56,0
75,75,55,66,45,74,50,58,72,1
68,73,37,55,32,76,43,50,46,0
69,70,47,60,40,70,36,26,48,0
64,68,41,43,35,64,38,40,48,0
74,77,51,63,44,76,48,27,60,0
62,70,32,47,23,62,41,36,58,0
75,77,54,62,39,74,48,51,53,0
77,75,53,61,47,82,42,50,64,0
75,77,63,63,45,74,46,22,68,0
80,80,63,66,52,78,48,37,59,0
78,74,65,65,51,76,51,47,78,1
57,65,35,47,30,62,31,17,42,0
74,77,50,60,51,82,41,29,59,0
76,76,53,66,37,76,47,37,69,0
71,75,53,63,39,68,44,58,61,0
73,74,52,64,41,74,43,32,66,0
77,73,57,63,41,72,48,36,60,0
65,73,44,56,38,72,39,39,54,0
75,76,58,62,48,78,47,31,58,0
81,80,65,72,54,76,53,46,75,1
77,75,58,62,53,78,47,39,67,0
76,77,60,66,45,76,45,38,59,1
61,71,34,57,32,60,24,52,38,0
73,73,52,62,46,76,38,51,64,0
74,74,60,66,48,74,51,45,70,0
71,73,52,60,42,74,45,30,59,0
77,75,56,64,44,76,45,39,58,0
76,72,48,62,43,72,45,55,73,1
72,68,54,61,40,70,42,48,57,0
77,80,63,67,51,82,54,49,68,1
69,77,45,59,35,80,42,49,57,0
73,76,48,65,38,72,49,25,68,0
71,70,42,61,56,68,47,32,54,0
72,79,45,61,51,74,41,51,52,0
76,73,58,67,44,76,44,48,70,0
76,78,58,66,39,70,44,36,52,0
74,73,59,57,35,72,44,28,51,0
81,84,62,68,52,78,49,68,60,1
79,74,67,67,48,80,46,50,63,1
65,76,47,61,33,72,41,41,62,0
67,71,54,58,43,76,40,26,56,0
73,75,52,61,40,72,46,46,54,0
79,84,58,69,54,74,56,44,69,1
76,82,57,65,48,78,45,49,63,1
79,75,53,65,40,72,50,56,58,1
59,66,32,45,30,62,25,50,39,0
76,70,59,62,44,76,48,38,67,0
69,73,48,62,37,68,45,55,59,0
84,84,68,73,60,74,60,66,67,1
73,72,58,64,40,78,43,46,54,0
69,72,55,58,34,76,40,37,64,0
81,81,63,75,41,68,54,49,78,1
78,79,63,67,50,78,51,38,68,0
75,75,52,65,44,80,48,42,60,0
76,70,62,64,42,72,45,43,60,0
76,77,59,65,50,82,48,48,60,1
79,78,61,69,52,82,56,61,73,1
76,76,53,64,43,74,49,57,66,0
75,74,58,67,47,74,46,37,60,1
78,77,59,65,53,82,47,64,70,0
74,78,54,64,42,74,46,50,49,0
70,67,43,62,32,72,40,39,47,0
73,65,51,59,38,62,37,41,74,0
68,74,51,59,41,68,47,37,57,0
79,79,63,67,51,80,51,53,65,1
78,73,58,71,55,70,46,49,62,0
73,75,54,63,41,74,46,24,65,0
78,78,58,69,46,72,51,57,74,1
80,82,60,68,47,76,51,56,53,1
71,74,44,63,38,66,41,34,69,0
77,80,64,65,52,82,48,50,83,1
78,79,62,66,52,82,53,63,69,1
71,71,41,58,36,76,44,37,56,0
78,73,65,67,44,72,47,45,75,1
77,77,55,68,44,70,44,44,57,0
68,70,52,63,42,78,45,43,55,0
74,77,56,56,47,74,46,59,62,1
81,80,71,68,47,80,47,43,69,1
77,73,62,59,56,72,44,28,68,0
75,78,56,63,48,76,48,50,54,1
73,77,50,61,43,76,49,36,58,0
77,77,57,69,46,80,51,59,47,1
77,81,61,67,49,78,51,59,57,1
66,70,42,59,27,62,32,53,51,0
77,77,61,67,45,74,49,52,68,1
77,80,52,64,50,78,53,57,53,1
74,73,51,64,42,72,47,53,51,0
66,70,44,56,42,58,34,32,43,0
66,62,38,57,43,66,38,25,57,0
75,73,63,62,44,74,46,47,64,0
72,73,43,62,36,74,43,40,48,0
72,69,51,61,39,76,46,40,67,0
74,79,57,66,47,74,49,48,68,1
66,70,35,59,43,74,46,44,60,0
72,75,53,59,48,78,45,48,58,0
73,72,53,63,43,68,46,46,61,0
75,73,49,68,45,80,50,25,63,0
69,65,40,63,35,62,44,52,51,0
78,81,58,66,50,76,49,61,73,0
68,73,48,57,36,74,39,35,42,0
80,80,65,72,50,78,55,46,67,1
59,66,21,47,28,60,37,40,51,0
78,76,73,65,46,78,49,38,60,0
69,71,43,59,31,72,39,33,57,0
71,69,54,61,43,68,46,39,70,0
73,68,50,59,39,78,46,43,57,0
72,71,48,59,37,74,37,34,64,0
71,71,48,61,38,66,47,36,65,0
65,70,37,59,35,70,39,26,36,0
78,80,60,64,46,74,48,44,64,1
79,77,62,66,45,78,49,42,75,1
79,73,60,68,47,76,48,55,59,1
75,69,54,63,48,74,44,40,63,0
70,69,54,57,31,70,38,30,48,0
71,72,48,62,45,70,41,51,51,0
74,76,53,60,49,76,46,65,56,0
71,76,46,59,42,78,47,58,64,1
58,65,28,47,27,62,24,30,55,0
77,76,57,66,50,78,52,67,66,1
72,70,48,65,39,66,43,35,55,0
73,71,49,66,38,68,45,46,64,1
75,70,53,64,37,72,44,61,56,0
73,71,59,62,48,82,46,45,51,0
79,77,59,68,48,80,51,45,63,1
78,76,55,62,45,78,54,64,69,1
73,75,53,61,47,76,42,46,60,0
67,69,41,58,30,66,38,49,38,0
72,73,55,61,43,70,45,63,63,0
75,69,55,65,48,70,50,47,74,1
79,79,62,75,53,80,53,56,66,1
68,71,47,58,35,62,38,20,49,0
72,69,46,59,37,68,44,33,48,0
67,67,50,56,41,68,32,39,56,0
72,72,55,61,44,70,45,67,62,0
78,80,62,64,50,82,52,51,71,1
77,77,60,67,48,78,49,61,71,1
73,73,52,54,46,72,44,44,67,0
71,74,45,60,32,62,38,31,64,0
67,75,40,58,40,74,38,46,49,0
53,59,8,34,25,42,29,35,54,0
65,69,44,59,36,52,46,34,63,0
64,67,40,58,46,64,41,37,64,0
77,74,58,66,52,76,50,67,70,1
77,73,60,63,44,76,48,56,64,1
73,75,52,60,38,76,43,50,59,0
73,69,55,60,40,72,43,32,60,0
74,73,55,61,41,74,38,36,54,0
84,80,72,72,53,80,54,65,73,1
51,62,31,40,9,54,28,29,55,0
79,79,61,67,49,78,54,41,68,1
78,76,57,63,47,76,45,52,66,0
81,79,69,70,57,80,55,54,77,1
73,76,62,60,42,72,46,46,73,1
71,76,49,65,39,72,45,22,62,0
52,61,32,45,29,54,31,13,49,0
71,77,51,64,40,74,45,29,59,0
82,81,71,68,46,72,47,43,65,1
66,65,49,57,41,70,41,34,62,0
76,74,48,62,36,72,46,42,60,0
68,73,38,56,41,66,31,48,63,0
72,73,52,59,43,78,40,49,66,0
62,65,38,54,29,62,29,17,34,0
83,80,67,66,50,80,54,35,67,1
61,69,47,55,32,52,26,35,64,0
66,69,52,58,38,66,34,50,56,0
69,73,43,57,44,70,37,56,53,0
81,77,61,68,50,76,51,64,79,1
80,80,62,69,49,76,55,61,63,1
78,74,64,69,40,76,49,46,66,1
75,72,54,63,44,76,44,38,62,0
68,74,38,57,37,70,43,41,47,0
75,75,59,66,42,78,50,54,67,1
79,79,62,70,49,76,50,49,68,1
77,80,60,68,52,78,50,55,72,1
71,74,42,56,41,62,41,40,57,0
66,71,39,57,30,72,41,40,51,0
74,70,51,65,40,72,42,32,54,0
73,74,53,63,43,74,41,27,55,0
54,57,30,43,28,64,34,24,49,0
69,74,43,63,38,68,40,26,56,0
71,75,61,62,44,72,49,39,58,0
67,67,47,55,31,68,34,45,50,0
75,71,60,63,38,74,47,51,64,0
72,77,56,61,35,70,38,38,55,0
77,78,58,65,46,78,46,40,53,0
67,71,48,53,40,72,42,43,54,0
69,75,47,56,43,72,37,49,54,0
81,78,69,70,50,74,52,60,72,1
72,70,46,61,46,76,41,41,65,0
70,73,56,61,42,78,47,41,47,0
75,81,63,66,45,80,42,53,65,0
74,78,57,64,42,74,46,49,63,1
79,82,66,66,54,84,54,59,65,1
80,76,62,65,50,74,47,55,77,0
75,73,54,65,50,74,44,44,65,0
77,77,56,63,52,76,36,56,65,0
75,74,62,62,48,80,45,38,61,0
78,78,63,67,46,78,51,59,61,1
73,73,55,59,44,66,48,46,73,0
84,81,75,73,51,78,55,38,65,1
64,65,34,56,27,70,35,43,48,0
76,76,57,65,48,78,48,44,62,0
78,82,56,64,52,76,48,71,60,1
77,81,59,65,52,82,51,61,56,1
63,68,43,54,33,70,37,41,54,0
72,73,49,59,42,80,38,38,52,0
81,79,65,70,41,76,49,44,69,1
45,62,10,42,16,54,22,36,32,0
55,61,39,50,33,54,34,33,47,0
75,80,53,66,52,78,45,58,65,0
76,82,50,62,50,82,50,59,61,1
73,73,57,64,42,74,47,56,73,0
77,74,60,65,47,76,45,30,61,0
63,71,48,55,37,60,33,56,52,0
57,62,27,52,31,68,41,21,57,0
78,77,53,61,46,76,50,58,67,1
74,77,54,61,46,76,47,54,60,0
82,81,64,67,48,78,56,47,73,1
73,68,62,62,48,68,43,39,69,0
79,80,63,67,51,68,52,57,74,1
82,81,70,68,56,76,55,50,71,1
73,72,47,61,37,74,42,49,62,0
74,78,50,63,49,78,43,58,53,1
78,71,61,65,47,80,50,41,73,0
77,78,51,63,44,76,48,32,50,0
78,81,49,65,48,74,49,43,64,0
76,77,52,68,42,74,45,41,61,0
74,69,47,55,35,72,36,33,53,0
80,81,64,63,58,86,55,63,67,1
78,77,62,65,50,72,44,39,65,0
80,82,63,69,47,74,53,60,64,1
72,75,54,66,52,74,52,38,68,0
72,79,46,64,40,74,46,42,62,0
70,67,45,54,33,68,35,34,57,0
79,80,61,68,50,76,55,53,56,1
78,82,66,67,52,76,53,45,73,1
73,70,44,60,40,66,40,63,55,0
75,79,58,63,55,80,53,60,63,1
74,73,53,62,41,68,41,48,56,0
64,68,43,50,26,64,38,50,52,0
78,76,63,66,45,80,49,38,67,0
69,67,48,60,43,74,41,42,57,0
72,70,53,58,36,78,43,30,60,0
78,79,70,65,55,84,49,53,69,1
81,83,65,67,47,84,54,58,71,1
59,67,31,46,27,66,25,32,39,0
76,74,59,63,48,80,45,45,61,0
81,80,67,65,55,82,50,41,68,0
71,67,49,61,44,76,45,52,64,0
70,75,51,60,37,64,45,50,65,0
73,71,45,58,40,76,46,26,59,0
70,71,45,60,41,64,41,54,55,0
65,74,42,59,39,64,43,25,64,0
74,70,50,61,45,74,47,43,65,1
65,71,45,59,41,58,29,36,54,0
78,80,59,65,48,70,52,60,71,1
66,66,43,54,32,66,32,28,50,0
72,75,45,56,44,62,42,41,56,0
62,66,40,56,29,60,31,24,48,0
77,74,61,60,42,78,43,35,62,0
63,71,39,50,33,56,35,27,54,0
69,70,49,57,38,70,39,41,51,0
69,72,44,58,34,66,42,45,69,0
77,72,54,65,46,78,46,44,55,0
80,77,50,66,45,74,48,40,61,0
76,73,58,64,50,80,47,58,61,0
66,66,40,55,30,68,34,31,43,0
75,76,54,64,40,76,44,38,65,0
78,80,60,67,51,76,48,56,51,1
77,72,63,66,50,68,46,56,70,1
77,76,46,66,41,62,49,53,51,0
67,70,40,58,35,68,38,62,70,0
77,76,53,63,53,72,45,64,45,0
65,72,43,56,30,66,38,28,39,0
65,70,40,54,35,68,39,48,50,0
62,67,43,54,30,66,34,35,46,0
67,71,38,55,35,56,44,45,67,0
63,62,39,50,24,66,29,15,48,0
69,77,46,61,40,76,40,46,58,0
73,76,55,60,50,80,45,43,57,0
70,71,52,58,30,74,40,44,70,0
75,76,53,69,47,76,52,58,70,1
72,78,49,60,36,76,45,42,71,0
74,73,58,64,34,66,39,38,62,0
79,82,57,70,42,76,51,38,61,0
66,65,41,59,34,74,39,30,54,0
74,80,52,64,46,72,49,58,59,1
81,81,69,67,49,80,52,44,62,1
75,71,58,65,46,68,52,67,72,0
76,79,60,66,46,78,50,50,65,1
75,76,55,66,45,82,43,42,56,1
79,78,69,67,52,78,49,33,66,0
78,75,64,66,50,76,49,53,76,1
56,59,30,42,22,56,26,17,58,0
67,60,45,58,28,54,33,34,58,0
74,75,54,58,48,72,36,53,61,0
71,78,47,56,35,74,35,43,49,0
71,71,48,60,29,72,36,46,57,0
68,72,46,59,42,76,43,50,65,0
74,76,55,65,44,82,48,28,58,0
72,73,53,58,48,78,36,52,51,0
70,70,42,60,31,74,36,34,54,0
77,77,51,60,46,70,48,46,71,0
73,73,48,63,38,70,41,39,61,0
76,73,59,65,46,84,46,51,71,0
76,68,52,65,46,74,45,53,65,0
69,80,50,62,41,74,45,59,52,0
76,74,57,72,40,76,47,34,62,0
66,75,47,56,39,72,32,34,50,0
65,69,47,61,44,74,39,37,52,0
66,70,43,56,30,72,36,41,53,0
73,79,51,63,48,80,50,51,64,0
75,77,65,73,55,80,50,40,72,1
76,79,52,65,47,74,45,56,63,1
70,69,52,60,44,66,38,48,58,0
71,77,49,67,42,70,40,47,59,0
75,76,59,65,50,78,43,58,65,1
77,81,60,65,54,84,47,64,61,1
77,75,54,64,36,78,42,54,54,0
74,73,48,63,44,80,45,49,56,0
76,76,57,64,49,76,49,51,65,1
77,79,64,69,48,80,50,52,57,1
75,78,58,64,41,72,48,56,64,1
77,77,53,66,46,78,49,54,63,0
65,70,41,54,29,72,38,34,34,0
71,72,49,58,46,66,39,51,57,0
81,79,60,70,51,80,51,47,68,1
72,78,49,62,38,76,45,47,67,0
71,74,52,56,38,66,42,22,49,0
70,72,49,58,37,76,41,36,61,0
77,77,55,67,47,66,47,49,62,0
77,76,64,66,51,74,48,54,59,1
72,71,56,57,45,74,47,52,58,0
81,84,65,72,66,80,60,60,74,1
76,78,46,63,48,76,38,59,53,0
70,73,46,59,37,66,43,45,59,0
79,82,55,64,46,70,55,58,65,1
73,75,48,61,41,78,50,59,65,0
75,69,61,63,42,70,44,42,65,0
72,78,55,67,47,74,49,45,67,1
80,74,73,63,45,76,49,38,68,0
76,76,68,67,50,74,45,54,73,0
76,77,60,64,50,68,46,34,68,0
79,77,60,69,49,78,55,56,65,1
54,61,17,46,21,48,26,29,42,0
67,75,43,55,40,72,41,48,41,0
75,80,61,66,49,70,41,67,60,1
70,70,49,63,42,70,46,62,58,1
74,76,58,65,38,74,45,41,66,0
79,79,63,67,56,74,52,46,70,1
71,73,49,64,44,70,37,52,55,0
76,74,58,69,47,72,52,54,60,1
70,72,49,58,31,64,39,31,57,0
77,74,59,65,51,84,51,35,62,1
81,82,66,69,55,80,59,73,79,1
72,72,49,64,40,70,40,39,50,0
69,70,48,61,41,72,44,43,74,0
87,84,75,74,61,80,55,65,81,1
76,75,59,62,48,74,45,49,68,0
62,68,40,48,31,60,29,34,56,0
72,73,59,61,49,76,44,51,66,0
68,72,47,61,38,72,40,59,52,0
80,74,64,64,48,80,50,51,69,1
75,80,57,64,46,82,50,46,56,1
66,68,46,58,39,70,40,22,61,0
68,73,45,62,39,74,38,65,56,0
70,72,51,54,37,76,45,38,56,0
77,79,57,66,51,76,49,53,72,0
61,68,27,52,23,62,31,36,51,0
66,69,43,53,32,70,39,25,50,0
75,77,54,62,41,64,42,69,50,0
78,75,66,67,54,78,48,61,70,1
70,72,51,63,37,74,42,43,64,0
76,78,58,66,45,82,48,60,64,1
72,67,50,59,33,72,34,42,60,0
84,84,67,63,49,78,54,66,70,1
66,71,40,55,37,74,31,36,53,0
69,72,46,56,34,70,39,36,51,0
77,72,58,61,50,78,48,48,63,1
80,75,64,72,51,80,51,58,67,1
72,70,50,65,49,80,47,55,68,0
65,71,48,49,29,58,37,31,38,0
67,69,55,57,32,78,41,30,60,0
74,77,46,60,52,76,46,53,67,0
75,75,60,62,38,74,44,37,54,0
75,79,60,69,44,72,48,51,76,1
60,66,40,49,42,62,32,34,46,0
78,77,65,68,42,72,44,56,78,0
81,85,69,69,52,82,53,60,73,1
72,76,55,66,46,76,48,58,70,0
65,67,46,53,30,62,30,36,63,0
70,75,52,58,44,64,41,44,56,0
77,72,53,62,43,74,43,37,60,0
81,80,65,67,53,80,52,40,67,0
75,73,57,64,45,74,47,52,60,1
77,82,54,68,46,76,50,64,66,1
82,82,66,67,55,76,51,64,78,1
67,72,42,55,33,70,41,50,53,0
73,76,48,59,45,82,47,42,61,0
75,73,59,62,40,74,45,52,64,0
75,72,65,62,49,74,43,55,67,0
63,68,41,54,28,64,33,22,56,0
81,81,63,67,56,84,53,62,67,1
75,79,60,64,50,84,47,57,71,1
81,80,69,68,48,74,46,49,60,0
76,79,61,65,45,76,49,37,57,1
74,77,56,63,47,78,39,44,59,0
73,76,51,64,44,70,41,60,52,0
70,71,53,61,50,76,41,46,47,0
66,70,42,53,33,74,40,25,53,0
75,80,63,64,52,78,48,50,73,0
78,76,57,66,50,78,50,52,60,0
70,71,57,57,35,72,39,34,60,0
69,73,50,54,49,72,35,33,53,0
67,76,50,58,42,70,34,59,50,0
73,72,59,64,39,70,41,28,65,0
62,63,40,43,32,68,37,44,63,0
74,76,55,63,41,66,47,52,74,1
83,79,68,69,53,80,54,56,69,1
72,70,56,57,35,76,42,27,60,0
77,82,61,66,51,80,44,56,57,1
61,66,41,53,33,60,32,31,44,0
74,78,59,65,41,80,45,45,54,0
78,77,60,66,52,82,47,68,70,1
75,71,61,62,42,74,43,45,64,0
78,73,62,64,49,76,47,37,76,0
73,81,62,67,52,82,51,39,73,0
72,75,48,60,39,76,45,49,50,0
61,71,41,54,38,60,30,33,50,0
67,65,40,52,30,64,31,28,47,0
76,74,60,66,42,76,44,48,56,0
68,70,47,59,39,70,46,29,59,0
75,77,58,62,39,68,41,34,60,0
80,82,60,69,56,78,54,69,76,1
81,80,62,68,51,82,55,57,74,1
73,77,54,65,41,74,47,23,64,0
72,77,48,58,43,68,44,65,57,0
73,76,50,59,37,76,45,50,68,1
70,71,49,63,31,66,37,48,51,0
73,74,53,62,39,76,44,36,55,1
65,68,47,52,37,66,38,34,49,0
76,72,55,67,39,82,54,45,73,1
80,81,67,68,45,76,53,51,72,1
69,72,50,62,39,74,34,34,62,0
75,77,60,62,47,82,51,56,69,1
74,81,45,65,44,80,48,46,62,0
72,76,53,59,39,74,46,40,59,0
78,82,59,71,53,80,51,59,66,1
74,80,57,64,45,80,48,56,55,0
80,85,56,70,50,74,54,55,68,1
75,78,60,60,49,76,49,52,76,0
71,72,53,61,42,68,42,55,61,0
64,73,46,57,38,62,26,47,50,0
68,66,56,59,30,70,37,28,62,0
75,75,49,60,38,70,43,41,59,0
71,81,50,64,35,76,47,40,62,1
68,72,42,51,35,68,31,52,58,0
76,78,53,66,46,70,43,62,55,0
78,75,63,65,45,72,48,54,57,0
78,79,62,69,46,76,55,69,73,1
74,70,53,63,41,76,42,42,53,0
79,74,63,68,46,68,45,43,50,0
79,84,58,68,52,74,51,58,69,1
64,73,30,57,29,64,44,39,66,0
66,65,48,59,31,74,36,23,56,0
58,69,34,49,25,62,30,37,37,0
75,78,60,62,47,68,45,64,63,0
67,83,39,55,42,68,40,65,51,0
64,72,43,45,42,74,27,42,48,0
80,81,67,72,48,78,52,45,75,1
69,75,61,62,38,76,57,53,64,0
76,76,54,68,40,80,45,43,64,0
72,70,47,58,48,72,38,54,56,0
65,74,42,59,39,64,43,25,64,0
71,72,48,63,40,72,44,46,61,0
77,80,61,63,50,78,47,54,61,1
69,78,53,59,44,76,46,44,70,0
65,75,39,55,33,64,34,41,46,0
71,73,54,60,42,72,42,55,58,0
72,79,48,58,39,74,45,40,61,0
82,77,65,70,51,76,49,48,72,1
81,81,62,67,50,80,55,67,74,1
82,81,63,67,48,76,56,60,75,1
74,79,53,66,45,84,46,26,65,0
76,76,58,67,45,74,47,42,65,1
61,65,23,48,30,72,35,18,48,0
70,68,46,61,42,60,37,52,61,0
70,79,47,61,31,78,40,43,50,0
69,74,47,60,44,64,34,50,59,0
77,82,60,63,45,76,49,62,64,1
76,79,61,64,51,78,50,69,64,1
74,73,57,61,39,72,41,52,69,0
79,76,64,66,45,76,45,45,75,0
59,65,34,51,28,60,33,9,51,0
82,80,68,68,54,82,55,64,73,1
80,75,66,72,50,76,49,52,73,1
67,74,47,56,36,76,41,42,77,0
69,70,54,63,38,70,45,47,59,0
60,67,46,54,43,60,40,42,55,0
74,76,59,65,42,78,47,49,64,0
77,78,60,65,38,76,48,30,67,0
66,65,42,55,37,66,45,25,62,0
82,78,70,68,53,78,56,57,71,1
71,75,59,59,41,78,43,25,68,0
73,75,54,62,45,82,44,52,70,1
79,80,64,65,59,82,51,34,68,1
73,75,58,58,40,76,43,35,70,0
69,69,46,61,36,68,38,25,52,0
68,76,42,61,43,72,41,56,35,0
67,58,42,59,40,74,40,33,50,0
62,63,44,59,31,64,26,17,52,0
57,75,37,51,30,64,33,55,54,0
71,73,48,60,34,68,40,54,53,0
67,71,48,59,31,74,38,41,46,0
81,78,58,60,48,76,49,45,72,1
67,66,47,59,43,66,35,36,53,0
77,78,52,67,46,76,46,66,73,0
77,81,68,71,47,80,49,53,68,1
67,64,42,53,38,72,39,18,39,0
76,80,48,64,48,78,41,49,58,0
76,73,58,68,50,74,44,58,68,0
73,82,56,61,51,66,38,63,49,0
66,57,48,53,28,54,30,38,57,0
68,72,47,58,41,80,37,42,55,0
70,71,47,49,32,50,52,30,72,0
65,72,38,53,29,70,31,48,54,0
71,79,53,60,42,76,45,60,52,0
76,73,45,61,37,70,46,44,53,1
75,71,60,65,43,72,41,59,68,0
66,68,40,57,40,68,43,39,57,0
81,83,69,70,60,82,56,66,77,1
49,50,18,44,9,56,20,8,42,0
82,79,65,69,48,78,52,43,68,0
73,75,53,59,39,78,44,38,58,0
62,65,44,60,38,68,33,34,65,0
70,73,51,56,42,82,40,35,63,0
72,72,54,61,42,78,47,45,63,0
71,72,41,55,38,76,41,34,61,0
86,84,75,76,59,84,61,60,72,1
67,64,42,53,30,68,36,25,36,0
64,75,39,44,31,64,39,39,51,0
75,74,51,62,35,62,43,52,62,1
64,68,45,54,35,70,40,48,55,0
72,70,46,56,37,74,41,21,63,0
80,78,60,67,55,80,55,59,77,1
74,76,53,67,40,70,43,38,59,0
61,67,43,53,32,64,31,43,55,0
75,73,57,66,39,74,47,36,69,0
73,76,57,63,48,76,44,54,59,0
72,78,54,65,48,68,43,62,58,0
76,81,63,68,47,82,50,55,63,1
71,70,49,53,49,74,40,9,55,0
76,77,47,65,40,76,50,31,58,1
59,67,34,52,24,68,34,36,35,0
68,68,47,56,44,70,44,65,66,0
69,67,49,53,32,76,38,39,65,0
73,74,53,68,38,74,43,48,60,0
81,80,63,69,51,76,56,71,73,1
75,80,58,65,46,76,47,65,62,1
77,81,56,66,51,80,49,46,66,1
80,83,67,65,59,82,49,62,71,1
72,79,48,61,40,72,42,63,53,0
68,75,45,58,39,70,36,54,57,0
72,75,51,61,48,78,46,55,61,0
76,78,57,65,45,76,45,43,66,0
79,79,67,60,49,76,47,45,63,0
80,79,62,69,50,82,48,57,66,1
65,65,50,49,33,70,45,49,48,0
82,85,59,69,53,76,54,60,62,1
78,68,58,64,41,82,48,49,59,1
74,73,51,62,47,76,47,50,65,0
74,79,51,66,51,72,45,60,57,1
78,73,73,65,50,76,51,38,78,0
76,76,47,63,39,80,48,53,64,0
79,74,61,67,41,80,52,60,74,1
73,78,44,56,32,66,42,49,65,0
73,67,55,61,37,72,40,35,48,0
72,75,56,63,48,74,42,56,55,0
73,72,62,59,41,66,43,39,57,0
78,81,61,63,51,76,49,45,65,0
67,70,52,65,35,74,40,36,48,0
72,76,51,59,32,68,38,43,61,0
72,76,55,62,52,80,49,38,54,0
68,73,50,57,39,72,35,44,56,0
73,76,60,62,40,70,47,40,70,0
69,78,47,58,42,72,41,35,47,0
81,82,60,66,53,84,51,51,66,1
73,78,49,63,37,70,51,54,51,0
78,80,60,67,46,66,47,60,56,0
68,67,46,60,34,74,37,36,52,0
68,70,42,52,43,72,35,52,69,0
70,78,51,53,44,60,33,42,60,0
45,55,22,35,38,74,25,42,40,0
60,63,27,43,20,64,31,28,42,0
72,73,53,61,41,74,42,53,56,0
72,74,55,65,52,76,45,54,58,0
72,66,50,58,37,72,40,44,60,0
77,78,59,64,56,76,44,56,64,1
85,81,70,70,60,82,55,65,78,1
76,72,59,62,48,74,47,50,66,0
70,81,47,53,42,70,38,50,50,0
71,68,52,59,51,76,39,47,51,0
71,80,56,64,47,72,37,68,61,0
77,69,62,65,51,74,44,49,70,0
82,79,63,69,55,78,55,56,70,1
70,72,45,60,36,76,44,29,66,0
52,60,26,47,16,62,25,21,26,0
74,76,61,66,46,76,43,54,65,1
69,73,52,59,44,70,31,36,51,0
75,72,59,62,47,72,43,44,58,0
70,73,46,58,31,72,40,31,50,0
67,74,47,56,40,74,44,37,44,0
72,75,48,65,39,78,44,64,53,0
77,69,63,63,43,72,42,43,67,0
69,72,38,55,39,64,43,32,44,0
73,68,47,63,40,70,40,29,55,0
78,78,62,68,47,76,53,59,69,1
77,78,59,66,53,76,46,59,68,1
67,77,43,58,33,70,39,56,54,0
80,79,63,67,50,78,51,38,66,1
76,78,61,65,43,74,49,49,75,1
73,76,53,64,46,64,31,45,71,0
74,76,50,53,40,70,43,44,65,0
72,75,54,62,46,76,49,40,71,1
75,79,54,70,46,72,52,65,65,0
69,72,44,56,34,68,34,36,38,0
60,55,45,53,25,56,29,41,62,0
72,75,61,60,48,84,45,48,59,0
77,74,54,65,45,74,47,49,59,0
75,79,59,53,43,78,47,54,69,0
77,72,71,66,45,76,42,38,66,0
75,74,54,68,46,74,48,62,65,0
77,78,50,64,46,78,50,53,67,1
75,81,61,66,42,74,47,14,60,0
81,74,61,64,47,80,54,67,75,1
75,79,58,64,47,78,49,45,66,0
77,83,59,60,45,78,41,60,54,0
75,80,63,66,44,74,46,58,65,0
79,80,62,67,55,80,47,69,60,1
81,82,70,68,60,84,50,53,72,0
79,81,56,64,36,78,48,53,58,1
73,74,54,67,44,58,27,50,63,0
79,69,69,63,45,76,47,44,75,1
62,72,38,53,33,66,35,44,51,0
79,85,67,68,55,80,40,58,71,0
74,67,54,59,32,82,44,20,62,0
76,76,56,60,43,80,45,40,66,0
83,81,66,74,61,86,62,48,76,1
68,73,47,59,38,70,42,54,54,0
73,75,47,61,45,66,35,53,56,0
82,83,68,70,53,84,48,59,71,1
74,74,59,64,47,76,49,35,73,0
76,76,54,64,41,66,42,45,65,0
69,74,48,57,41,62,33,47,54,0
73,75,51,63,37,78,45,36,65,0
53,52,26,40,19,60,26,36,47,0
72,75,44,61,46,80,43,43,55,0
71,75,53,65,25,78,33,59,53,0
67,77,41,55,42,64,35,62,50,0
65,63,40,59,31,72,37,46,50,0
62,60,64,47,45,76,45,18,55,0
74,79,61,63,47,80,42,49,67,0
77,71,63,64,50,78,45,52,60,0
80,76,64,63,44,74,44,49,74,0
83,86,65,74,64,78,55,67,70,1
70,73,46,56,40,70,43,50,54,0
76,71,58,65,47,72,51,54,68,1
87,88,81,75,56,78,59,65,72,1
77,80,52,64,36,70,50,60,48,1
69,69,56,62,42,68,43,53,57,0
73,70,55,62,35,72,39,31,69,0
78,65,63,61,46,72,47,43,63,0
76,84,59,68,45,74,53,55,61,1
78,75,56,64,43,78,49,44,70,1
77,82,63,67,43,74,48,47,55,1
65,75,38,54,40,70,40,69,57,0
72,71,45,57,41,74,42,40,51,0
80,79,66,62,56,84,54,55,75,1
75,71,57,56,38,72,40,31,80,0
82,78,68,66,55,82,50,46,74,1
67,71,56,60,45,66,26,22,59,0
81,84,75,69,49,76,44,42,64,1
68,62,50,55,34,68,40,42,61,0
75,76,60,61,46,76,46,57,67,1
66,69,44,58,46,68,32,35,57,0
72,70,50,61,42,82,49,36,75,0
71,80,66,63,40,68,48,52,66,0
79,75,62,62,50,72,46,49,74,1
69,79,47,61,37,68,39,57,63,0
77,84,61,68,49,76,51,60,76,1
76,76,58,64,50,68,42,44,69,0
56,63,39,48,34,66,21,29,58,0
70,75,55,58,44,76,45,45,55,0
83,82,67,69,62,82,54,64,76,1
83,77,66,69,52,82,51,46,67,1
68,76,52,63,41,72,37,55,57,0
77,75,64,67,48,78,49,52,70,0
70,68,49,58,35,60,32,23,47,0
78,76,59,66,53,82,53,21,58,1
75,77,61,64,40,74,39,65,60,1
80,76,65,64,53,82,53,46,75,1
82,82,66,72,60,84,54,71,58,1
78,79,64,65,50,78,51,49,72,1
76,78,55,67,42,76,46,60,60,1
72,75,43,62,33,72,46,51,52,0
72,69,41,60,38,66,40,39,69,0
67,80,47,59,36,70,38,59,52,0
69,74,51,62,45,68,36,60,56,0
75,70,54,56,38,70,42,29,61,0
76,81,59,69,47,66,48,55,66,0
72,81,51,63,52,74,45,41,57,0
74,76,49,67,40,76,50,36,74,0
81,79,69,69,52,82,57,56,78,1
57,69,36,48,21,66,21,37,46,0
83,84,71,72,65,78,58,61,83,1
76,79,59,68,55,80,53,47,67,1
71,74,50,57,41,68,41,55,63,0
69,68,49,62,38,64,43,45,56,0
82,82,57,67,49,66,51,68,66,1
73,71,42,58,38,80,43,27,58,0
69,76,56,59,40,76,43,55,66,0
67,66,42,53,32,70,36,28,55,0
76,81,57,67,49,82,53,52,66,1
53,64,38,49,25,62,30,44,43,0
56,60,31,44,25,56,29,40,52,0
80,81,63,67,53,82,52,54,66,1
67,67,53,54,33,68,35,46,57,0
59,79,38,56,38,58,37,57,48,0
83,80,73,69,53,76,50,58,70,1
81,80,63,69,53,80,52,53,70,0
80,79,65,67,53,82,49,56,76,1
73,74,61,58,44,70,42,53,63,0
80,79,59,65,50,82,51,49,73,1
56,58,33,46,25,52,24,28,57,0
72,69,50,60,37,70,38,30,62,0
65,68,40,53,45,64,39,44,63,0
78,81,64,71,51,82,56,65,75,1
70,61,40,52,29,64,39,38,67,0
64,71,49,63,27,62,35,9,53,0
75,69,59,61,47,78,47,40,62,0
79,83,60,65,50,78,54,61,68,1
64,65,46,55,38,70,43,18,58,0
76,75,65,70,52,70,46,60,68,1
81,80,67,70,56,80,53,31,76,0
71,76,48,61,40,74,45,37,66,0
73,73,56,62,44,78,45,48,73,0
78,78,60,67,54,80,50,67,72,0
68,55,57,49,33,76,39,51,71,0
70,73,52,60,33,72,31,36,58,0
66,73,45,54,25,68,35,43,46,0
81,81,70,68,55,74,55,57,72,1
85,85,76,74,74,82,74,70,82,0
70,74,47,58,47,68,35,53,54,0
71,68,48,62,32,74,39,39,61,0
80,79,62,64,47,78,49,44,70,0
56,60,32,46,23,70,31,22,39,0
64,59,46,44,34,78,41,37,63,0
76,84,58,66,45,80,50,51,54,1
70,71,55,59,34,70,35,39,50,0
73,79,49,64,44,74,40,52,58,0
77,79,53,63,50,80,54,65,72,1
68,70,41,55,44,70,41,18,60,0
73,72,50,59,32,72,42,37,65,0
77,73,74,64,50,76,40,42,75,0
74,81,60,73,45,78,51,62,63,0
71,71,48,58,50,76,45,56,64,0
81,79,60,73,44,72,47,59,72,0
76,80,63,71,48,80,44,52,69,0
72,71,49,64,42,68,35,41,52,0
78,75,68,63,46,80,46,60,78,1
76,74,57,63,40,80,49,52,64,0
75,76,58,60,46,72,40,31,68,0
78,78,58,68,49,72,45,66,65,1
83,80,72,73,45,74,47,54,76,0
83,79,70,69,48,78,56,55,76,1
71,72,57,56,43,72,41,35,56,0
76,79,56,63,50,72,45,65,66,0
55,66,29,47,20,58,28,45,38,0
72,75,56,61,49,80,40,43,67,0
74,74,59,58,48,74,50,42,76,0
77,79,59,65,48,60,44,46,71,0
37,51,0,26,5,36,9,32,32,0
72,79,44,60,41,78,41,52,71,0
71,71,60,59,44,72,41,52,72,0
72,82,59,59,50,64,47,55,68,0
76,80,63,68,49,78,52,58,63,1
75,70,65,64,40,72,38,40,68,0
84,81,81,75,59,80,48,54,71,1
73,79,57,64,42,74,48,62,70,0
78,80,51,67,45,70,46,50,69,0
73,72,59,63,47,76,46,61,69,1
80,77,66,68,50,78,56,49,77,1
73,73,59,57,45,74,34,39,73,0
79,80,67,68,42,80,45,49,72,1
75,73,57,67,46,70,46,27,54,0
73,73,60,61,42,68,39,54,63,0
77,77,56,66,44,76,50,60,71,1
66,68,47,55,33,66,48,32,61,0
51,58,24,50,25,50,18,20,47,0
72,75,52,62,38,68,43,28,66,0
76,76,57,66,48,72,47,46,70,0
80,81,71,70,55,82,57,56,53,1
75,79,63,66,37,76,42,50,58,0
77,80,65,63,47,78,50,59,72,1
71,75,58,60,35,76,42,49,65,0
77,75,66,65,51,76,46,48,61,0
77,83,59,67,56,78,55,49,73,1
78,79,67,66,51,82,53,55,76,1
80,78,56,66,40,80,40,57,61,1
73,81,56,59,48,80,44,49,58,0
86,82,67,74,55,78,53,59,76,1
71,73,59,62,55,82,45,44,57,0
71,69,63,60,39,66,38,50,63,0
50,60,29,46,21,58,23,41,41,0
73,78,52,56,34,76,41,48,70,0
77,81,65,64,56,82,46,64,66,0
60,65,41,52,42,62,32,47,58,0
74,68,51,61,43,76,45,30,56,0
75,84,58,67,54,78,46,61,63,0
79,81,59,68,56,80,55,63,69,1
67,70,52,55,48,70,23,33,67,0
60,73,48,55,48,76,55,51,66,0
78,75,64,65,48,80,52,57,71,1
81,78,67,65,52,82,50,55,64,1
81,72,66,69,53,76,40,49,75,0
78,75,68,68,58,78,51,52,75,1
66,71,48,58,36,76,38,45,57,0
78,80,71,70,55,82,50,43,74,0
75,81,55,69,41,72,50,71,50,1
74,75,53,64,47,80,39,50,65,0
81,80,73,70,56,76,50,61,72,1
81,77,65,73,48,76,46,53,81,1
76,63,40,71,42,62,45,61,76,0
68,69,53,60,38,68,40,29,56,0
80,80,68,68,49,80,55,70,64,1
79,77,67,67,53,76,49,50,69,0
83,79,64,70,53,82,53,71,74,1
75,76,60,62,55,82,55,36,74,0
74,77,47,66,42,76,41,54,61,0
74,69,68,64,45,72,49,45,60,0
75,81,54,66,50,80,53,64,60,1
79,82,69,65,51,80,56,63,88,1
67,78,50,55,38,70,40,53,61,0
65,67,36,62,28,68,35,28,48,0
74,70,47,62,38,76,45,30,54,0
64,73,37,54,34,76,37,58,44,0
75,85,56,64,49,76,46,63,52,0
80,80,62,68,51,74,52,71,74,1
77,82,61,65,48,84,52,58,66,1
77,85,68,69,52,76,52,59,80,0
81,80,64,65,61,78,53,66,72,1
72,77,57,59,45,72,44,56,55,0
78,84,44,67,47,76,49,33,47,0
67,76,51,57,37,42,38,64,69,0
74,79,67,67,59,76,44,52,75,0
76,78,59,63,38,76,49,51,57,1
81,78,76,68,57,82,53,52,79,1
77,70,65,63,43,70,40,39,65,0
77,82,62,64,53,84,46,48,66,0
65,72,45,56,39,74,40,50,54,0
74,72,56,58,39,70,42,44,54,0
79,81,70,70,52,70,53,65,72,1
76,82,69,62,54,80,47,44,81,0
74,78,57,66,55,76,46,54,60,1
74,75,52,59,39,66,35,48,50,0
83,76,65,73,59,72,51,47,76,1
69,68,49,59,43,68,38,35,52,0
81,78,65,73,54,86,57,49,79,1
73,73,54,64,42,66,42,59,58,0
78,76,62,66,56,78,47,60,66,1
73,68,58,63,41,78,50,36,58,0
69,85,45,55,32,72,41,49,52,0
69,68,50,57,32,60,40,54,49,0
87,86,79,76,65,84,60,60,78,1
74,70,52,65,46,82,44,26,69,0
76,75,60,63,45,66,41,43,60,0
80,80,69,68,48,80,53,46,83,1
76,80,59,62,44,72,45,52,61,1
75,81,57,62,50,74,46,46,52,0
83,83,70,70,65,88,54,65,71,1
75,79,54,66,54,80,48,63,73,0
67,76,49,58,37,74,40,56,56,0
72,74,55,63,46,78,45,36,64,0
74,78,65,67,41,76,47,56,64,1
59,65,36,53,20,62,25,20,50,0
83,81,73,73,54,86,56,60,75,1
83,82,74,74,57,82,58,59,74,1
71,66,52,59,41,74,32,44,70,0
71,66,55,61,40,62,36,35,71,0
63,69,40,49,39,64,26,52,47,0
82,84,73,67,65,80,50,40,68,1
69,77,53,61,41,74,36,64,54,0
76,79,61,62,43,74,42,59,57,1
69,70,56,60,42,70,48,47,65,1
74,77,55,62,47,78,44,41,69,1
79,71,60,63,44,76,52,48,72,1
70,70,39,55,30,62,34,46,68,0
77,79,63,61,49,74,39,55,62,0
70,75,59,60,46,74,44,53,64,0
89,87,82,77,75,90,67,77,87,1
65,70,47,51,31,66,38,44,49,0
79,76,62,67,54,78,50,40,73,0
72,75,55,59,37,76,40,46,64,0
72,77,58,61,40,72,42,48,63,0
76,71,64,66,42,72,43,48,74,0
72,72,56,61,55,78,37,42,63,0
81,78,64,68,48,84,48,64,77,1
70,75,52,63,39,76,49,36,63,0
85,86,67,74,56,80,58,60,75,1
74,77,53,64,41,70,45,62,69,0
82,77,76,68,66,78,48,51,82,0
54,73,33,52,30,58,35,55,57,0
72,73,63,63,37,76,41,44,67,0
72,78,52,59,39,78,47,42,59,0
78,81,72,65,59,76,51,53,75,0
66,75,42,62,37,66,37,47,47,0
74,75,56,64,37,74,40,63,49,0
67,70,52,57,37,74,38,36,54,0
77,78,42,61,46,72,50,61,68,0
79,82,58,64,49,74,42,59,68,1
47,51,19,41,17,56,23,13,39,0
78,77,53,69,49,64,45,60,75,0
81,83,74,70,49,82,48,65,74,1
75,81,59,62,45,78,44,63,56,0
78,82,62,64,51,72,47,62,73,0
77,70,52,59,41,76,44,31,63,0
74,71,57,56,38,76,37,45,57,0
68,59,63,65,25,68,45,24,67,0
81,81,71,69,59,86,60,58,80,1
79,72,59,67,47,72,46,44,77,0
83,82,77,72,56,84,56,48,75,1
75,73,53,63,41,80,47,50,69,0
74,86,57,67,56,74,50,65,64,0
80,82,65,73,52,70,54,80,78,1
83,82,69,71,48,82,49,46,76,1
71,76,52,57,32,68,41,53,54,0
84,73,70,73,57,78,54,58,79,1
70,77,47,57,45,76,38,52,49,0
67,72,55,56,39,78,39,55,45,0
83,85,68,69,46,82,53,50,74,1
83,86,75,74,61,76,59,70,75,1
79,82,66,69,55,76,48,59,62,1
77,72,66,61,55,72,47,57,71,0
77,77,56,64,50,72,50,72,73,1
64,64,42,54,31,68,33,38,49,0
78,72,78,64,43,78,45,36,70,0
64,74,43,49,35,70,39,48,53,0
79,77,67,69,50,78,47,66,69,1
80,85,64,69,48,72,44,50,77,0
60,64,33,52,23,72,32,29,42,0
72,72,55,61,40,72,45,57,61,0
74,77,69,60,50,70,44,39,70,0
88,89,73,79,68,80,54,75,73,1
74,77,57,60,40,76,36,39,48,0
82,76,76,69,54,82,50,51,76,1
80,81,60,66,56,80,54,66,73,0
77,75,69,65,47,80,45,57,73,0
84,80,67,70,57,78,53,58,64,0
79,79,58,66,46,80,49,48,72,1
70,76,52,59,44,74,41,26,66,0
79,83,61,67,40,84,46,60,62,1
70,76,49,56,39,76,41,40,54,0
82,76,73,74,51,82,55,51,76,1
73,76,52,65,46,82,46,55,65,1
68,71,50,63,39,58,39,47,53,0
78,70,62,62,40,76,48,58,78,0
74,77,57,67,51,76,39,62,63,0
83,87,72,69,58,82,56,57,66,1
80,81,63,67,58,86,53,43,74,0
76,76,58,63,38,72,41,45,69,0
80,76,68,67,51,76,51,52,78,1
83,87,68,70,60,66,45,65,62,0
57,70,41,49,30,60,29,32,58,0
79,80,72,72,54,80,51,55,71,1
66,68,44,61,33,76,41,13,62,0
74,80,65,60,46,80,46,54,56,1
76,76,61,59,44,76,41,52,55,0
77,77,57,60,51,80,47,48,69,0
77,84,62,69,46,86,46,46,65,0
71,75,57,64,43,76,42,56,57,0
72,72,50,62,45,70,40,49,73,0
60,58,49,44,30,60,32,20,50,0
63,71,30,56,30,74,36,39,56,0
81,78,76,70,52,82,52,63,81,1
84,84,78,72,58,82,49,61,77,1
74,71,70,67,48,74,45,49,62,0
59,64,40,54,15,56,18,34,54,0
79,79,66,69,54,76,54,54,72,1
74,78,60,64,45,72,44,48,79,1
78,75,72,71,48,80,45,48,73,0
78,73,63,62,52,76,44,42,72,0
80,83,65,69,56,80,48,52,64,1
73,74,63,67,48,70,46,47,61,0
71,74,51,61,46,74,47,54,59,1
73,73,54,66,37,76,42,48,58,0
65,65,56,54,33,68,33,34,67,0
79,74,56,63,51,80,48,49,57,1
76,75,65,65,53,70,41,62,68,0
73,72,73,62,54,78,45,30,75,1
77,74,58,64,50,74,51,58,67,0
82,84,65,70,49,72,52,63,82,1
77,78,49,64,54,72,46,36,54,0
81,84,64,72,46,70,51,70,75,1
76,79,66,65,35,80,46,67,61,1
83,79,74,68,48,78,47,51,67,1
74,79,47,60,32,78,44,65,65,0
80,78,63,66,46,70,47,58,77,0
90,87,66,68,67,86,54,62,80,1
63,63,41,48,34,60,32,19,52,0
76,77,65,65,50,80,52,58,64,1
85,87,73,75,61,78,56,59,75,1
67,75,51,54,40,72,35,67,68,0
77,79,59,64,44,76,49,53,63,0
87,83,76,76,68,86,63,75,86,1
78,79,63,65,48,84,41,51,70,0
78,79,66,72,52,76,51,67,68,1
30,36,8,29,-5,42,7,-8,20,0
76,87,66,69,55,82,52,32,64,1
55,57,38,43,16,44,17,17,50,0
67,73,57,65,34,70,42,44,76,0
78,78,67,68,52,84,45,51,70,1
64,72,37,59,34,70,40,54,55,0
77,79,63,70,37,80,51,45,61,1
80,69,73,59,36,60,35,73,51,0
77,85,65,70,53,82,51,61,64,1
83,80,73,79,61,78,51,66,77,0
76,78,67,63,47,70,47,63,54,0
73,77,59,60,45,70,46,67,55,0
81,79,67,67,55,86,50,57,61,1
62,77,35,53,36,68,32,40,49,0
72,70,60,64,43,68,41,58,68,0
70,77,49,58,44,76,37,47,58,0
79,80,73,70,58,68,44,68,77,0
74,77,69,63,49,78,46,51,76,0
78,83,58,64,53,82,49,63,60,1
56,67,31,52,27,66,33,57,50,0
80,77,73,76,48,74,49,60,79,1
76,74,64,59,44,70,46,49,71,0
79,81,56,66,48,86,54,57,50,1
78,80,63,74,44,76,49,43,81,1
82,79,65,71,54,74,53,56,77,1
78,83,71,68,51,88,49,54,82,1
80,78,76,70,50,78,52,54,63,1
75,78,57,67,49,78,46,49,67,0
84,85,75,73,61,86,59,57,80,1
83,86,82,75,63,86,60,69,86,1
73,78,55,64,45,78,41,53,54,0
82,85,70,75,55,82,56,69,82,1
63,66,36,53,26,68,33,25,57,0
73,79,61,63,55,80,53,52,73,1
75,75,71,63,58,80,45,52,63,0
77,78,74,73,57,78,50,55,69,1
77,75,50,67,51,74,47,60,70,0
58,59,37,50,30,58,19,19,58,0
74,73,54,61,47,78,47,41,64,0
74,75,64,63,35,76,41,38,72,0
87,81,75,71,63,86,56,64,78,1
77,78,69,68,54,82,50,52,74,1
76,72,59,64,47,78,48,57,56,0
77,75,72,66,56,72,50,63,65,1
71,71,51,57,42,72,37,51,65,0
75,74,64,68,51,70,43,48,75,0
75,79,72,52,42,76,40,56,76,0
76,77,64,65,45,84,43,49,71,0
72,72,50,56,40,72,40,40,66,0
68,74,53,57,43,74,40,37,58,0
61,68,47,55,33,60,29,40,52,0
70,71,47,57,39,68,41,59,58,0
88,91,86,75,64,88,69,63,87,1
81,81,68,66,51,80,48,53,69,0
79,74,69,68,47,78,46,33,70,1
78,80,63,68,43,76,51,61,69,1
75,69,66,62,45,84,45,47,69,0
78,78,56,66,50,78,47,57,70,1
83,83,69,73,60,84,58,54,78,0
69,73,54,63,38,76,47,54,56,0
75,77,60,66,43,72,44,50,53,0
76,77,57,66,51,76,44,52,68,0
81,80,63,65,52,76,52,66,73,1
74,75,63,61,46,80,42,48,77,0
82,79,67,68,50,74,48,49,69,0
79,77,61,65,47,72,42,58,55,0
60,50,37,51,32,70,31,60,55,0
73,74,64,54,42,70,39,26,65,0
56,62,34,47,21,48,31,54,56,0
59,76,35,53,29,66,37,62,53,0
74,75,66,64,45,76,46,63,68,1
70,76,52,59,30,70,40,51,60,0
78,73,69,69,51,72,49,52,84,0
82,81,78,72,61,84,52,71,78,1
51,56,23,44,16,66,27,28,29,0
80,87,65,67,55,78,48,56,63,1
65,78,44,58,33,60,47,52,60,0
71,79,59,63,46,70,40,56,49,0
69,80,54,64,44,74,42,43,57,0
80,85,70,68,61,78,52,48,83,1
71,78,49,57,43,66,41,57,55,0
74,79,48,61,50,76,44,74,57,0
70,74,50,61,43,70,37,56,45,0
66,69,41,58,27,60,38,45,41,0
71,78,51,66,40,74,48,42,63,1
74,76,66,70,44,76,43,45,75,0
70,73,46,65,42,72,35,49,52,0
80,86,57,62,34,56,49,81,59,0
65,72,41,55,30,70,34,53,49,0
82,78,71,69,51,80,51,54,73,0
59,76,34,48,30,72,39,58,50,0
81,79,76,69,58,82,52,44,69,1
71,75,57,62,45,80,49,34,61,1
73,76,60,52,35,66,43,54,59,0
84,83,73,69,61,82,57,56,78,1
77,82,55,67,47,76,42,64,67,0
80,79,65,65,53,86,52,49,76,1
83,84,64,70,54,68,54,65,73,1
82,84,68,71,50,82,46,63,67,1
65,73,41,44,25,68,40,37,50,0
76,81,70,68,52,74,49,50,66,0
79,78,58,60,51,72,47,48,63,0
77,76,66,67,55,80,45,62,63,1
79,81,63,67,50,64,42,49,58,0
63,64,36,53,41,62,33,34,63,0
58,67,46,52,32,68,33,42,43,0
80,76,70,67,58,72,56,70,84,1
78,83,65,67,58,82,43,55,71,0
50,67,26,41,29,62,24,43,51,0
81,85,68,66,56,86,54,55,61,1
81,85,62,69,53,78,48,62,78,0
78,83,56,60,52,70,49,67,59,0
75,74,65,56,43,74,46,43,64,0
78,68,62,61,50,76,47,58,64,0
82,85,77,70,66,86,58,56,73,1
76,83,63,66,42,76,47,41,56,0
76,76,59,68,47,78,46,34,62,0
74,78,74,68,45,86,52,56,68,1
77,78,61,63,44,66,42,65,70,0
73,80,65,66,45,68,47,53,65,0
70,72,51,60,35,78,43,55,54,0
79,80,66,65,56,80,54,72,68,1
70,77,56,62,53,68,44,56,58,0
77,82,65,70,39,76,44,63,54,0
78,73,57,69,44,64,40,41,68,0
75,69,61,67,44,72,38,49,78,0
82,78,73,73,59,74,52,59,77,1
78,77,57,69,48,74,45,41,68,0
53,55,32,34,22,62,26,22,57,0
72,79,48,57,42,62,42,49,49,0
80,84,64,68,57,76,49,69,80,1
75,74,54,60,51,80,43,55,63,0
74,67,65,67,42,76,42,36,69,0
79,84,67,66,50,82,50,46,80,0
74,69,56,63,38,74,38,38,77,0
77,84,62,65,52,82,42,62,56,0
78,79,68,70,50,84,50,50,65,0
74,77,56,62,35,78,44,48,64,1
49,49,25,42,20,52,31,33,46,0
72,78,59,64,45,76,47,45,51,0
60,71,55,52,30,66,31,47,50,0
78,81,63,71,47,80,50,51,44,0
80,73,72,67,46,80,51,42,72,1
78,79,58,68,53,78,55,61,79,1
90,92,72,76,64,86,43,71,88,1
70,76,46,53,36,68,38,66,61,0
79,77,73,65,42,70,45,52,70,0
75,72,64,66,41,68,41,47,72,0
85,87,78,77,65,86,59,64,72,1
82,80,81,75,65,86,53,60,66,1
81,81,69,63,56,68,51,53,81,1
70,78,51,63,35,68,38,60,52,0
68,79,43,63,38,78,43,50,56,0
72,78,58,64,48,64,45,58,68,0
74,67,65,71,43,80,44,42,56,0
76,72,62,62,45,74,48,42,75,0
64,67,54,56,32,66,38,36,60,0
75,77,55,60,55,76,38,69,60,0
79,80,68,71,62,82,49,57,74,1
84,80,69,66,59,78,52,59,84,1
71,74,50,57,41,70,37,44,60,0
73,77,56,67,39,78,51,59,73,0
73,70,62,57,37,56,31,43,60,0
74,73,49,62,39,70,38,35,64,0
79,77,68,68,50,80,46,53,73,1
79,79,63,66,48,72,49,59,62,1
82,77,63,68,54,80,48,45,69,0
82,76,68,70,59,78,50,52,57,0
61,65,41,53,35,56,38,43,58,0
78,74,69,73,50,78,47,52,65,0
69,73,53,54,34,74,34,52,65,0
48,52,40,45,22,54,28,33,60,0
75,72,57,59,37,72,39,47,55,0
77,76,66,65,55,70,42,55,68,0
69,76,58,65,48,70,54,47,70,0
77,85,63,68,51,82,56,69,63,1
71,74,63,55,47,84,49,44,61,0
80,87,65,67,59,82,55,70,77,1
76,80,63,66,48,82,49,50,70,1
76,86,72,68,54,80,51,68,65,1
86,81,73,69,61,82,55,63,73,1
84,80,74,69,60,84,49,62,73,1
85,87,75,67,63,78,52,66,76,1
84,85,79,68,59,74,55,74,74,1
72,76,69,67,44,72,45,66,47,0
67,71,50,63,33,72,38,51,57,0
90,88,77,73,58,80,61,80,77,1
79,79,69,75,58,74,47,56,63,0
86,86,65,81,65,74,50,68,62,1
77,80,69,68,47,64,50,52,75,0
68,72,58,49,45,70,37,42,65,0
80,81,60,71,50,76,56,69,81,1
77,74,65,64,47,76,48,33,68,1
80,80,69,74,51,76,58,49,74,1
83,80,76,73,64,64,50,59,77,1
84,85,74,67,58,74,51,56,90,1
85,89,73,69,72,80,53,67,81,1
84,81,69,72,56,80,57,67,79,1
74,77,61,59,49,76,47,60,64,0
66,67,58,57,36,68,35,60,54,0
78,72,67,68,41,76,42,41,74,0
82,84,71,70,53,84,56,54,81,1
86,82,80,67,60,84,61,64,79,1
77,81,67,67,36,78,40,53,64,0
88,88,93,81,63,70,57,57,87,1
80,85,68,74,60,80,47,61,69,1
49,52,34,38,23,48,18,12,53,0
74,71,46,57,46,72,38,38,75,0
73,77,55,57,43,62,38,46,58,0
77,85,61,61,51,76,50,59,67,1
77,82,62,63,48,74,51,43,68,0
75,82,60,60,42,68,41,62,64,0
72,75,51,60,34,70,42,39,56,0
83,83,80,70,61,70,54,71,79,1
66,75,46,51,41,64,30,55,62,0
83,80,75,72,57,78,52,66,76,1
80,84,69,74,52,78,51,59,70,1
72,73,61,61,51,76,36,47,53,0
73,82,65,62,52,78,50,61,55,0
76,85,61,63,53,80,53,64,70,1
77,78,66,69,42,76,53,52,67,1
81,85,70,74,55,84,54,47,72,1
80,79,64,66,55,80,53,41,63,1
86,85,81,75,64,84,62,89,83,1
81,79,66,69,49,78,50,63,65,1
80,80,65,70,57,82,53,54,74,1
92,96,82,68,72,78,61,69,92,1
86,84,71,73,58,78,62,73,83,1
80,85,70,70,64,74,57,64,83,1
72,77,44,57,48,70,41,31,67,0
77,80,70,69,57,80,48,67,70,0
83,82,73,72,54,74,58,66,77,1
80,82,71,69,50,88,57,59,80,1
68,70,59,59,47,76,42,52,61,0
73,74,54,62,43,64,47,59,71,0
71,75,58,61,39,80,42,53,61,0
76,70,58,63,46,76,44,46,47,0
83,81,78,72,60,86,60,79,77,1
83,84,76,69,59,76,60,61,72,1
81,77,70,70,52,82,51,51,64,1
72,75,65,62,43,76,44,42,65,1
80,78,71,62,52,84,50,63,74,1
70,74,60,63,37,74,43,41,78,0
76,77,63,57,40,68,39,64,63,0
80,88,67,70,56,84,51,65,71,1
84,82,69,71,53,86,57,66,79,1
81,78,76,72,52,82,52,66,89,1
79,82,67,65,55,78,48,66,61,1
88,94,82,83,77,86,63,68,82,1
78,80,63,68,45,80,47,55,70,0
75,80,57,70,51,78,50,53,52,1
68,76,55,63,44,78,45,56,63,0
62,68,42,52,40,64,28,42,54,0
77,74,67,66,41,78,45,67,70,1
74,75,59,61,37,80,41,70,65,0
89,84,78,79,66,90,62,74,87,1
68,67,62,50,39,86,28,56,32,0
82,82,75,67,58,82,51,69,85,1
74,81,55,64,60,78,42,62,58,0
67,61,64,56,33,76,34,48,51,0
81,79,69,67,64,76,46,47,54,0
44,49,5,29,4,34,7,31,44,0
72,77,75,73,60,80,49,60,69,1
78,78,64,62,61,78,48,50,64,1
70,79,66,64,43,70,40,72,76,0
55,64,44,49,38,60,31,56,63,0
83,78,75,72,41,74,57,58,83,1
75,80,66,66,52,78,46,52,71,0
79,80,69,70,47,78,45,62,66,0
80,81,64,61,46,80,56,49,66,1
67,78,52,57,50,64,43,43,52,0
75,75,60,68,44,70,52,25,59,0
84,86,78,76,60,76,57,66,83,1
75,81,51,65,48,76,44,38,64,0
91,83,86,83,78,88,65,82,88,1
76,79,60,71,27,72,42,66,52,0
84,88,72,69,55,70,63,74,70,1
73,61,61,65,37,74,42,60,71,0
79,87,49,68,51,72,50,66,72,0
90,87,85,79,74,82,69,66,82,1
65,80,35,46,41,62,36,60,56,0
85,86,71,74,60,82,62,84,72,1
79,86,64,72,55,72,49,69,69,1
69,78,60,64,47,68,35,56,61,0
71,70,52,54,50,74,39,49,66,0
89,87,80,77,65,84,61,69,87,1
84,90,78,68,60,84,61,56,80,1
80,89,64,62,25,76,54,60,63,0
66,70,45,53,33,66,34,48,56,0
74,81,56,63,48,76,43,55,69,1
72,81,65,61,38,70,48,50,57,0
80,78,74,67,52,64,45,45,67,0
86,87,78,74,62,86,57,47,71,1
69,73,54,60,30,70,40,55,66,0
80,82,68,68,47,78,50,57,68,1
71,81,50,61,40,78,44,59,61,0
79,88,63,65,46,70,52,55,72,1
87,84,82,74,64,84,63,70,73,1
74,81,57,65,47,70,53,77,81,1
79,84,64,66,49,70,53,60,60,1
69,81,55,56,46,74,43,51,60,0
72,81,54,71,52,82,62,72,78,0
77,82,57,66,43,74,39,60,60,0
58,61,37,59,27,58,28,28,51,0
84,76,70,68,51,74,50,51,80,1
66,76,53,58,36,70,31,54,48,0
66,70,52,58,26,74,38,47,56,0
75,70,64,61,39,78,48,49,72,0
79,88,60,72,49,84,51,50,78,1
83,77,71,64,52,80,47,48,68,0
73,83,67,69,44,80,46,44,73,1
71,78,58,63,47,82,49,53,70,0
88,85,75,78,51,86,58,63,76,1
76,82,64,66,51,80,46,51,65,0
82,81,75,72,57,82,55,69,75,1
77,83,55,78,47,74,42,58,68,0
78,83,70,70,43,78,45,61,60,0
79,78,58,61,46,76,48,49,68,0
79,82,72,61,47,78,56,69,65,1
75,80,79,65,57,76,53,69,70,1
81,78,68,67,46,66,48,55,82,0
86,92,81,71,67,80,65,72,79,1
81,82,69,72,50,82,55,85,66,1
63,73,39,64,41,68,34,68,44,0
79,87,65,63,63,72,45,74,77,1
82,88,68,72,51,76,50,59,64,1
75,82,59,70,49,82,52,56,57,1
74,87,61,61,52,80,50,40,79,0
70,81,50,63,35,66,42,74,61,0
82,86,77,63,45,72,51,64,74,1
76,80,65,64,51,80,43,54,68,1
82,86,70,71,60,86,50,66,73,1
81,83,64,74,47,80,45,69,67,1
81,90,56,81,48,74,54,61,66,0
66,72,45,58,31,74,34,24,53,0
80,83,65,71,50,84,49,58,75,1
72,83,62,67,47,78,49,42,75,0
80,81,55,63,53,78,51,46,56,0
76,88,69,70,51,68,53,67,76,0
71,70,62,61,34,72,39,55,71,0
78,77,59,62,50,74,40,71,58,0
71,75,55,59,34,76,41,39,71,0
80,81,68,64,45,70,49,57,84,0
75,83,67,65,56,82,43,54,63,0
71,83,72,69,56,78,48,72,71,1
76,76,59,69,50,78,44,51,81,0
73,84,67,74,62,78,47,61,75,1
80,80,65,63,39,86,46,40,74,1
80,76,53,71,59,84,48,48,68,0
71,74,62,67,49,72,43,53,68,0
81,81,66,72,63,66,49,61,71,1
78,80,72,66,54,80,53,52,67,1
85,83,68,75,59,82,53,58,78,1
71,78,51,61,51,68,39,54,65,0
86,87,69,73,63,80,60,68,81,1
85,89,77,70,68,88,60,68,82,1
86,89,72,71,64,82,58,63,87,1
41,53,11,42,4,48,18,14,38,0
66,78,53,49,38,78,37,66,59,0
78,75,68,64,48,64,48,58,76,1
76,81,61,62,57,78,52,57,74,1
81,78,63,63,55,76,53,45,72,1
79,74,73,63,42,68,54,56,81,1
82,86,66,67,61,76,48,68,70,1
69,84,48,50,31,72,43,59,51,0
73,68,53,63,45,74,42,59,63,1
86,92,79,68,57,82,55,66,84,1
85,82,78,67,51,76,53,57,85,1
78,80,56,66,42,72,47,52,79,0
84,87,83,73,64,80,59,59,79,1
83,84,70,77,56,80,49,62,74,1
71,79,56,63,49,76,43,49,69,0
74,80,59,65,39,74,48,46,75,1
65,73,45,50,47,68,36,54,47,0
82,83,64,68,52,76,50,62,56,1
74,78,67,64,48,66,48,58,73,1
76,78,57,69,48,80,48,55,67,0
76,74,61,64,50,70,45,60,66,0
80,81,73,63,54,64,53,64,73,1
88,91,75,77,66,80,58,76,80,1
78,77,63,70,50,74,44,62,44,0
81,78,61,62,35,76,40,61,66,0
86,88,81,74,57,82,64,85,66,1
81,85,73,66,56,68,50,60,88,1
78,80,74,71,56,80,53,46,71,1
82,83,60,75,57,78,59,54,78,1
75,77,58,58,47,78,47,53,59,0
78,73,66,62,48,64,42,64,77,0
78,81,66,66,59,82,57,62,68,1
85,84,74,75,63,86,60,66,81,1
73,80,59,62,51,70,43,62,56,0
74,77,63,63,39,70,41,36,60,0
81,84,72,65,62,76,47,59,77,1
83,84,71,71,55,82,49,71,76,1
81,77,58,67,42,86,53,43,64,0
79,88,71,72,55,76,44,56,54,1
75,74,67,59,52,78,33,57,71,0
81,75,66,67,60,76,47,71,76,0
76,73,52,61,45,70,44,40,63,0
80,86,57,68,51,80,53,56,54,1
85,73,73,70,70,76,44,66,75,1
79,88,65,75,57,76,55,69,66,0
66,73,48,57,33,60,26,60,65,0
65,75,47,50,32,70,36,28,59,0
81,89,58,62,51,74,46,50,65,0
70,79,55,54,44,72,47,55,64,0
76,77,59,66,46,74,52,62,57,0
77,90,68,57,54,86,51,41,68,1
82,82,69,67,54,78,51,66,75,1
84,85,70,80,61,76,58,78,84,1
78,79,63,65,47,76,46,60,62,1
76,82,52,68,50,78,49,57,72,0
63,77,37,57,31,68,39,64,58,0
73,75,51,69,42,74,45,33,67,0
68,70,50,53,40,70,43,42,71,0
84,83,70,75,49,84,48,68,69,1
43,76,28,37,6,32,18,37,49,0
78,75,73,69,48,76,48,55,77,1
77,78,68,70,45,78,51,53,82,0
90,90,82,73,77,84,67,66,90,1
75,83,77,66,56,80,55,64,73,0
79,79,66,73,50,80,47,50,84,1
79,77,61,70,67,78,53,41,80,0
86,82,76,72,48,70,56,64,80,1
76,82,63,68,43,76,41,65,69,0
83,79,62,81,73,88,68,79,78,1
79,84,58,69,65,90,50,51,72,1
77,79,56,59,55,92,48,55,79,0
83,87,72,69,62,84,53,67,87,1
80,80,67,74,59,80,52,51,71,1
80,84,69,65,39,74,52,52,63,0
68,79,36,50,33,66,31,67,66,0
80,73,52,64,48,74,49,63,77,1
70,81,51,62,40,70,44,49,63,0
77,75,69,73,46,78,45,59,71,1
61,64,49,48,34,64,30,55,50,0
78,79,60,68,39,80,56,64,75,1
63,80,44,54,39,62,38,60,54,0
85,89,80,74,64,90,54,76,75,1
81,78,75,70,54,76,48,66,79,1
79,83,62,70,52,74,41,60,69,1
75,71,69,70,45,64,38,47,79,1
84,80,72,74,51,78,49,55,83,1
69,79,54,59,43,72,42,65,59,0
91,79,81,79,67,80,63,68,74,1
78,80,54,57,42,66,37,69,69,0
74,81,66,64,56,76,54,65,68,1
86,88,79,69,66,84,62,70,86,1
72,61,56,60,37,52,40,66,39,0
78,79,74,68,54,74,50,61,79,1
74,82,63,64,56,80,48,49,65,0
84,82,78,74,65,68,55,65,86,1
80,87,68,70,58,72,52,56,68,1
70,83,56,55,49,64,40,61,65,0
84,95,58,70,63,80,47,72,61,1
76,78,68,62,49,74,40,52,74,0
86,86,81,75,68,80,59,61,84,1
82,87,66,71,43,66,49,63,78,1
73,80,62,67,43,74,41,66,68,0
76,83,62,64,45,80,42,54,60,1
73,73,61,56,47,66,41,59,66,0
74,77,53,63,48,74,41,40,54,0
82,76,74,72,57,84,51,62,81,1
80,78,65,66,59,84,53,44,65,0
85,87,77,73,61,84,66,62,91,1
76,85,69,71,62,84,54,62,70,1
78,87,64,69,48,70,46,76,60,0
80,79,66,70,55,78,51,47,68,1
79,76,61,67,48,80,45,62,69,1
73,77,61,63,44,80,48,57,68,0
68,64,72,67,35,58,28,37,61,0
80,85,62,64,64,88,54,67,76,1
81,83,68,76,48,88,59,56,84,1
89,78,69,73,60,76,51,57,79,1
80,79,73,68,51,78,47,70,62,1
69,73,60,64,51,80,43,62,64,0
85,86,79,74,63,84,53,62,87,1
80,77,73,79,41,84,52,63,77,0
73,78,45,62,39,74,47,70,71,1
79,87,65,66,58,76,46,60,68,1
78,84,73,75,56,78,46,70,72,1
82,87,75,76,68,90,61,63,84,1
78,85,60,68,52,82,47,63,67,1
85,90,77,74,57,78,57,68,86,1
76,83,66,65,40,70,50,72,68,1
71,79,57,66,38,76,42,49,66,0
74,78,68,61,39,82,53,59,76,1
83,86,78,73,54,86,52,39,77,0
78,81,73,72,51,78,55,67,76,1
68,82,54,56,33,76,36,64,68,0
79,87,72,67,54,72,47,71,75,0
83,86,69,72,64,86,53,67,71,0
73,80,51,64,41,80,51,70,70,1
85,87,83,77,66,76,52,56,73,1
84,92,72,71,61,76,52,70,79,1
78,81,54,66,56,84,46,67,70,1
68,83,44,57,47,68,39,73,70,0
71,74,57,61,37,68,45,72,78,0
69,75,49,61,55,76,34,73,69,0
69,71,56,57,61,60,38,59,52,0
80,83,71,68,59,78,51,65,75,1
90,91,85,83,60,72,66,79,70,1
88,88,78,72,57,88,62,71,79,1
70,68,50,57,32,72,38,55,63,0
78,90,74,68,65,82,59,73,79,1
84,85,79,71,59,86,59,72,84,1
78,84,67,68,51,80,54,76,72,1
64,66,37,56,35,72,31,38,64,0
85,78,78,77,59,78,51,52,74,1
74,79,62,58,50,78,51,60,67,1
74,79,64,61,49,76,41,53,62,0
91,91,78,70,66,92,67,68,88,1
84,91,74,80,60,80,58,62,61,1
68,70,57,57,29,62,34,39,68,0
83,85,79,73,51,84,58,67,81,1
67,73,60,56,37,70,38,53,49,0
85,84,71,69,57,88,51,56,74,1
80,85,64,69,58,82,59,61,69,1
82,86,68,74,58,72,58,65,64,1
83,71,69,68,58,68,43,63,78,0
82,79,68,67,55,76,53,69,76,1
80,86,72,69,44,74,44,77,66,1
82,91,72,73,64,70,58,53,75,1
94,93,78,81,78,84,69,77,83,1
65,74,57,53,40,76,41,59,70,0
79,81,77,71,50,66,44,69,75,1
82,79,71,73,55,88,55,62,77,1
78,83,60,74,46,50,43,67,78,1
78,78,68,77,53,74,48,66,81,0
75,91,63,78,55,76,51,63,63,1
78,81,69,65,33,80,43,52,75,0
76,75,65,71,64,82,50,53,84,0
80,90,67,67,53,72,55,63,85,1
71,80,65,65,46,68,35,63,51,0
81,85,62,67,65,78,45,67,66,0
80,80,71,71,36,78,53,58,83,1
74,84,66,70,50,74,51,68,75,1
82,79,70,69,44,72,53,63,75,1
77,66,63,53,43,60,44,51,79,0
86,85,88,69,63,82,58,65,88,1
74,78,66,59,50,82,45,67,84,1
81,84,78,75,66,70,57,45,78,1
75,73,59,49,49,72,41,46,72,0
80,80,73,61,58,84,54,64,72,0
75,80,62,61,46,80,47,51,70,1
68,81,56,61,46,82,42,44,63,0
75,84,55,56,55,68,41,67,62,0
88,92,86,82,73,86,65,70,84,1
83,83,74,68,61,72,54,53,80,1
70,75,50,59,41,46,37,74,68,0
91,89,84,79,74,82,58,67,91,1
83,88,79,70,54,94,49,61,72,1
84,84,77,73,61,76,61,88,81,1
77,89,71,72,42,62,48,72,66,1
74,82,57,69,58,72,55,71,78,0
73,86,58,67,50,66,40,63,60,0
77,89,63,70,69,74,56,57,65,0
71,90,46,62,45,64,40,62,57,0
80,81,64,71,48,60,45,45,75,0
86,82,83,72,54,70,54,64,69,1
78,78,73,64,48,76,47,43,72,0
74,80,57,59,44,70,43,66,66,0
80,86,73,66,70,64,57,69,85,1
85,83,74,78,55,84,52,59,79,1
89,90,82,74,64,84,60,76,79,1
72,81,57,62,48,60,47,59,79,0
83,78,69,64,66,60,49,69,78,1
74,83,57,66,58,64,39,42,82,0
85,85,81,63,37,74,46,50,81,1
80,71,63,65,42,56,41,64,66,0
72,79,58,70,52,62,35,70,65,0
81,80,78,71,60,66,46,66,69,1
80,86,69,77,50,68,56,63,76,1
77,78,66,59,55,78,47,28,67,0
74,85,64,64,51,78,34,64,57,0
85,86,67,66,46,60,41,65,72,1
91,89,82,83,65,74,63,66,96,1
85,85,70,66,64,74,52,59,74,0
75,78,60,63,50,90,51,46,62,1
73,82,61,63,56,76,42,64,76,0
80,86,82,65,42,82,48,65,85,1
72,82,57,68,41,74,48,50,55,0
83,84,81,72,66,88,59,52,74,1
73,76,48,54,47,74,40,62,57,0
83,90,64,64,52,82,52,69,63,1
78,84,65,61,60,86,44,71,50,1
79,82,60,58,57,70,47,55,52,0
78,86,65,68,50,74,54,65,72,1
82,83,71,78,52,80,53,55,77,0
87,90,83,81,61,82,52,70,79,1
74,75,45,61,58,72,44,59,65,0
78,84,67,65,51,78,46,56,62,1
87,80,92,76,56,78,53,66,81,1
81,90,73,75,63,80,52,76,70,1
94,93,90,76,61,80,63,58,87,1
78,83,64,66,49,70,45,66,80,0
81,88,70,82,71,76,64,46,85,1
74,81,51,68,45,76,41,58,52,0
73,78,75,72,53,76,54,61,76,1
75,78,74,73,58,74,53,43,81,0
87,87,58,68,56,84,55,76,88,1
87,91,76,79,68,72,65,70,56,1
91,93,86,83,51,74,75,66,88,1
90,82,77,70,49,78,44,75,85,1
82,83,66,65,55,78,55,71,81,1
76,76,50,53,53,84,45,42,57,1
80,74,62,58,60,80,38,61,75,0
84,86,68,77,59,78,47,69,79,1
79,80,64,64,56,72,46,64,67,0
83,86,77,78,62,84,61,56,85,1
82,83,83,76,52,76,65,74,53,1
80,83,71,46,63,62,45,52,82,1
83,90,72,76,61,68,56,56,76,1
77,82,70,63,34,82,45,70,69,0
83,76,83,64,55,84,55,64,90,1
77,82,67,66,41,66,55,64,86,1
82,91,72,77,69,72,57,76,87,1
63,72,52,64,37,66,37,57,57,0
67,85,45,59,33,58,43,62,65,0
87,92,69,77,66,90,62,77,91,1
70,71,58,63,32,82,31,33,52,0
81,84,81,74,59,76,46,64,82,1
83,85,58,79,64,96,55,49,78,1
78,84,69,70,48,82,51,33,71,0
74,75,63,50,51,66,40,54,62,0
77,76,70,67,54,60,37,53,63,0
86,89,82,75,58,80,68,59,71,1
79,61,63,66,49,76,43,55,75,0
76,80,61,74,72,84,56,62,76,0
81,84,66,66,48,84,55,61,75,1
84,82,74,72,55,86,49,67,84,1
81,91,81,79,51,86,58,69,78,1
74,83,57,65,34,46,36,60,57,0
78,71,57,59,56,72,40,64,68,0
78,77,66,64,61,72,32,69,67,0
76,74,64,52,49,70,36,57,68,0
85,80,71,74,61,86,49,60,60,1
80,80,49,63,47,78,58,54,76,1
87,90,59,45,35,60,26,63,70,1
83,83,73,69,69,84,60,71,73,1
81,81,76,85,70,70,61,91,75,1
86,91,83,73,57,82,56,72,71,1
83,81,73,68,60,76,50,68,74,1
76,77,62,67,51,64,39,66,59,0
84,88,69,62,56,76,46,59,86,1
71,72,75,61,29,76,45,45,67,0
92,88,80,85,77,74,53,54,89,1
70,80,59,57,45,78,45,53,74,0
70,78,53,59,45,68,40,62,69,0
85,88,81,78,60,90,59,70,85,1
84,77,80,74,52,80,62,66,85,1
81,81,88,66,67,70,47,59,84,0
73,77,55,57,42,74,50,42,61,0
75,66,59,67,43,66,32,60,48,0
80,89,62,76,66,78,51,54,75,0
74,77,60,62,54,82,49,64,71,1
71,67,70,58,34,70,47,60,61,0
81,81,74,78,61,78,49,55,82,1
71,79,53,57,36,68,39,62,56,0
52,59,39,23,28,58,25,23,51,0
74,79,74,51,59,74,49,65,62,0
71,75,64,65,49,78,42,43,38,0
82,83,78,58,59,82,46,53,68,0
82,89,65,80,60,82,55,70,75,1
76,78,54,60,32,72,47,63,78,0
64,85,48,50,35,72,43,28,61,0
87,87,65,73,74,82,54,64,76,1
78,74,67,63,64,80,51,46,88,0
78,84,49,61,62,72,53,54,61,0
82,77,74,76,55,76,43,67,75,0
86,83,72,69,57,72,45,51,61,1
86,88,68,58,45,76,51,60,74,1
77,76,74,65,44,68,36,54,71,0
78,91,64,66,52,88,65,56,69,1
94,98,94,83,84,96,77,85,93,1
73,82,56,61,51,66,38,63,49,0
78,92,68,68,53,70,44,56,64,1
87,71,67,73,37,94,50,64,68,1
80,85,61,57,34,76,42,51,63,0
78,81,66,66,56,72,50,64,79,0
71,81,54,62,56,82,39,39,64,0
85,77,79,73,47,78,54,56,73,0
81,85,76,68,50,90,50,72,85,1
76,83,72,68,54,80,52,63,68,1
69,64,49,42,39,68,37,41,64,0
82,90,59,61,49,68,45,75,63,1
75,87,74,57,42,68,37,66,60,1
71,82,57,70,28,70,41,60,61,0
58,60,57,64,37,56,24,48,54,0
72,87,65,65,49,84,58,65,88,1
69,72,55,60,48,70,27,47,69,0
90,97,85,78,60,90,78,73,92,1
74,83,68,65,55,66,40,60,67,1
85,86,74,81,56,80,50,75,77,1
74,75,73,70,56,80,44,62,73,0
80,81,66,60,48,68,40,44,53,0
80,85,72,69,58,86,61,57,73,1
77,77,67,59,35,66,43,69,72,1
77,79,55,61,60,72,52,54,77,1
76,83,73,72,54,80,42,69,78,1
84,83,68,61,54,70,49,57,60,0
85,87,74,64,48,64,54,45,57,1
87,92,74,74,66,90,63,63,77,1
85,91,71,71,56,76,45,64,69,1
88,82,72,58,57,76,48,61,59,0
79,82,70,62,60,80,42,70,71,0
75,72,64,56,39,74,38,69,71,0
70,68,57,60,39,70,37,62,54,0
83,77,75,66,54,80,61,53,74,1
77,81,75,67,45,78,46,50,64,1
71,74,48,67,73,80,38,52,62,0
81,88,77,71,60,76,54,59,89,1
77,89,68,64,41,66,53,43,75,1
78,71,50,69,54,82,54,58,66,1
95,91,87,88,72,80,69,90,91,1
83,87,75,50,69,72,46,75,76,1
87,88,74,73,61,68,58,48,83,1
77,88,61,63,56,70,58,56,64,0
76,86,64,77,46,66,49,53,83,1
82,90,77,90,57,78,60,57,74,1
90,83,86,78,72,90,62,66,78,1
89,88,78,74,66,86,64,69,77,1
70,78,67,50,60,82,45,47,70,0
80,77,54,69,69,62,49,68,75,0
85,74,79,78,69,82,53,53,80,1
80,85,77,68,62,78,57,44,79,1
76,89,59,65,55,64,42,67,74,0
85,93,87,86,63,74,65,78,87,1
85,86,76,66,58,82,60,62,84,1
73,81,65,67,42,72,44,61,68,0
75,68,71,48,69,78,41,44,71,0
80,80,78,77,59,84,51,58,80,0
88,82,80,75,70,84,55,64,77,1
85,85,76,76,63,78,46,62,65,1
70,84,63,61,42,76,47,59,73,1
80,76,59,72,54,72,52,64,56,0
85,82,87,77,54,80,56,74,78,1
81,68,69,58,53,74,49,78,81,1
74,69,60,51,49,68,47,55,84,1
82,70,75,66,44,68,46,59,76,0
77,83,68,69,67,80,55,72,63,0
77,63,67,69,37,78,38,56,44,0
78,86,67,60,59,70,44,66,59,1
79,87,69,68,61,76,48,61,64,1
87,90,76,70,71,84,59,72,94,1
80,79,58,62,42,84,50,49,80,0
72,77,72,70,49,72,46,47,64,1
95,94,90,77,81,80,57,84,93,1
72,87,58,65,27,48,35,50,68,1
86,89,79,68,67,74,55,58,84,1
69,80,58,70,54,74,49,69,51,0
79,88,63,67,58,84,53,60,67,1
84,89,66,67,62,86,54,54,90,1
78,86,59,68,56,80,45,69,53,0
87,84,75,85,51,68,53,64,90,1
75,68,61,35,40,64,41,56,81,0
75,84,56,51,50,74,47,50,78,0
77,74,71,77,46,74,38,60,49,0
91,96,61,80,65,66,62,67,74,1
70,72,48,48,40,70,38,28,81,0
82,92,73,67,59,76,47,59,79,1
83,80,77,68,59,76,59,61,74,1
86,87,65,76,60,84,57,80,75,1
83,83,56,65,59,80,48,53,69,1
77,80,62,68,50,62,46,71,80,0
82,90,41,64,56,72,53,55,71,0
80,81,64,67,52,68,44,44,83,0
83,84,68,64,56,74,56,76,69,0
73,87,64,67,47,74,56,53,60,1
82,71,78,68,51,62,46,62,89,0
77,87,65,60,59,82,50,53,73,0
72,85,57,65,47,68,44,50,72,1
76,82,65,64,51,60,36,64,67,0
78,75,66,75,62,84,49,52,66,0
82,92,55,78,52,78,53,50,77,1
84,88,80,77,52,80,50,61,66,1
93,86,95,79,78,98,67,80,97,1
81,81,78,75,66,72,53,54,94,1
61,67,39,46,37,50,25,54,44,0
90,88,84,77,70,84,66,83,80,1
84,81,80,67,58,90,43,81,75,1
76,94,72,61,44,54,45,76,67,0
85,89,71,84,72,80,60,65,82,1
81,86,65,65,62,94,58,45,58,0
83,83,70,65,56,66,49,66,80,1
85,78,71,71,58,78,57,67,74,1
89,100,81,58,61,82,54,87,83,0
81,82,69,70,48,70,49,60,62,1
83,85,76,77,55,72,52,78,88,1
78,86,69,66,44,76,51,55,68,1
79,79,64,57,34,64,44,67,83,1
74,89,83,77,49,78,54,47,72,1
81,81,76,66,49,60,42,64,79,1
91,87,80,70,76,88,64,74,93,1
81,86,69,68,55,84,54,63,61,1
74,90,48,65,51,70,49,65,49,0
91,86,82,81,62,72,51,73,85,1
80,88,67,55,37,80,48,66,78,1
81,92,75,51,46,74,54,68,83,1
88,88,81,80,70,86,73,80,91,1
78,84,65,60,44,84,46,62,67,1
79,87,66,67,60,68,43,69,64,1
82,76,79,64,39,74,49,58,76,1
71,91,66,67,46,56,42,63,72,0
82,77,74,49,39,80,39,64,67,1
79,83,74,68,57,62,46,51,72,0
84,91,75,80,53,74,61,69,84,0
78,76,62,73,54,78,48,50,80,0
82,86,68,66,59,68,45,59,70,0
83,90,69,76,52,84,61,77,80,1
69,85,52,61,54,58,43,52,76,0
88,84,59,66,48,84,44,56,88,1
79,78,59,67,43,78,49,75,65,1
80,68,58,66,52,80,27,29,70,1
82,72,60,77,60,76,62,55,79,1
87,83,79,82,62,74,61,62,67,1
86,84,70,69,63,72,60,69,88,1
77,83,56,67,55,58,37,68,69,0
86,96,68,72,47,70,56,74,58,1
77,83,69,65,52,74,51,62,69,1
87,90,79,80,51,76,49,70,62,1
83,78,73,66,53,78,52,49,83,1
74,85,58,63,49,74,38,63,55,1
78,74,70,46,63,66,43,37,60,0
84,95,75,76,55,76,53,52,71,1
78,80,67,55,51,68,49,58,84,1
89,94,79,79,69,82,48,80,80,1
81,89,75,75,70,70,50,76,77,1
79,88,70,69,60,78,57,61,72,1
78,78,72,54,40,62,50,39,86,0
88,87,69,69,51,68,41,38,69,1
84,86,65,72,48,82,55,68,52,1
80,88,69,64,55,78,53,66,79,1
84,92,69,72,68,78,57,65,77,1
74,87,71,77,49,76,47,57,67,1
81,89,64,62,69,74,38,70,74,0
84,80,86,64,52,80,53,60,88,1
82,84,70,66,47,74,58,70,78,1
68,73,55,52,45,74,37,66,70,0
79,83,71,62,31,72,51,69,74,1
78,88,59,74,64,68,56,66,78,1
83,86,88,66,72,82,60,63,83,1
74,81,75,59,66,78,42,51,72,1
92,90,85,73,67,78,60,57,90,1
91,96,85,79,46,64,49,59,68,1
82,92,76,62,47,72,54,45,76,1
82,80,66,70,61,88,49,82,63,1
99,100,97,100,86,98,96,91,97,1
72,83,58,58,47,72,43,50,73,0
74,89,56,70,48,80,35,59,61,0
84,88,61,78,39,40,36,50,74,1
83,88,72,68,68,94,49,71,65,1
74,79,49,59,39,66,43,57,61,0
82,81,84,54,49,70,48,49,76,0
87,88,74,82,76,76,53,59,80,1
78,89,68,67,49,58,43,82,65,0
80,90,65,75,47,76,44,73,64,1
86,84,85,73,72,76,48,78,84,1
78,89,53,70,40,88,75,60,84,0
70,66,42,72,44,82,44,49,63,0
88,91,81,80,48,74,61,72,52,1
78,84,68,73,47,86,41,69,65,1
76,85,61,63,48,78,44,58,60,0
76,91,49,69,48,62,42,67,40,0
79,85,68,76,60,66,38,66,73,0
70,65,62,36,39,60,39,49,61,0
81,85,69,72,52,80,48,68,59,1
81,90,82,78,62,74,56,54,76,0
83,84,81,75,52,62,50,76,75,1
65,90,75,62,63,72,53,67,74,1
81,97,66,72,59,64,49,72,71,0
76,76,71,41,50,90,53,42,44,0
86,88,83,76,62,70,58,68,85,1
78,77,70,73,49,84,47,66,74,0
71,75,50,57,53,78,51,51,69,0
86,90,83,90,76,68,49,78,83,1
86,88,69,69,57,82,55,83,73,1
75,91,72,59,61,70,48,60,61,0
84,83,70,57,74,54,49,48,60,0
87,72,76,84,38,80,57,51,75,1
71,82,64,66,26,64,40,68,69,0
83,95,79,81,73,86,53,81,84,1
92,84,85,68,71,88,60,68,80,1
82,73,84,68,55,84,42,63,84,1
76,81,72,59,58,68,50,68,86,1
73,86,64,70,53,72,49,73,66,0
74,73,48,63,29,58,37,48,37,0
80,84,72,60,69,78,45,62,83,1
94,93,91,79,61,88,69,78,86,1
86,90,62,77,62,48,56,69,76,1
69,80,60,61,40,74,42,67,65,0
87,75,62,80,65,78,56,61,80,1
84,93,62,76,69,76,59,74,73,1
77,82,65,69,50,76,40,63,59,0
85,82,86,72,73,82,63,78,84,1
91,89,77,79,77,90,53,70,93,1
73,91,66,59,52,64,53,45,85,0
72,74,57,62,36,58,48,44,55,0
92,97,73,85,68,90,67,75,81,1
81,86,68,72,68,82,49,66,60,1
90,93,79,71,77,72,60,54,83,1
79,81,76,68,68,86,58,71,91,1
84,85,84,80,54,68,66,56,58,1
81,85,83,74,56,64,59,58,88,1
92,87,83,76,69,74,64,62,86,1
80,72,70,60,68,86,55,65,85,0
83,87,69,71,71,66,61,59,82,1
74,79,77,72,49,78,53,40,68,1
84,87,71,66,56,66,52,67,78,1
83,85,84,61,54,90,53,65,87,1
82,90,66,78,68,88,60,58,78,1
84,90,79,80,66,82,59,84,75,1
77,92,73,67,63,82,40,67,62,1
74,81,68,68,54,70,48,41,72,0
78,75,68,65,52,66,42,64,69,0
92,97,83,81,75,66,62,72,79,1
82,83,74,64,67,76,48,57,85,0
84,98,73,75,63,86,65,62,73,1
75,96,72,64,70,54,42,72,47,0
74,81,67,59,62,62,45,66,81,1
75,86,61,69,57,74,48,68,73,1
83,85,78,75,80,86,50,55,77,1
72,77,51,56,32,66,47,58,73,0
80,90,77,46,41,62,46,72,82,0
81,76,74,69,61,72,66,62,81,1
70,84,60,72,41,64,35,70,55,0
87,79,88,74,59,88,49,75,78,1
74,65,71,70,34,60,48,58,68,0
82,77,61,70,50,62,47,48,74,1
80,88,64,66,62,92,51,62,80,1
90,91,92,75,82,86,20,82,89,1
87,82,78,70,70,68,53,75,86,1
79,78,67,59,59,70,48,69,80,1
90,83,81,64,62,78,55,59,86,0
81,83,77,60,41,58,50,73,80,1
66,86,52,65,43,70,49,59,68,0
78,87,52,66,51,66,47,56,74,1
83,83,74,61,56,70,46,61,82,1
91,92,84,78,91,84,53,78,91,1
89,91,88,72,81,90,63,68,93,1
84,86,55,62,52,62,53,58,76,1
84,82,82,75,50,92,42,47,64,1
81,82,74,76,77,80,52,75,77,1
86,91,74,62,59,72,49,57,81,1
72,74,66,62,47,78,45,61,70,0
84,91,84,71,38,76,50,61,78,1
81,87,66,77,65,82,55,74,56,1
76,95,82,78,49,88,53,67,77,1
84,90,67,55,55,66,57,60,76,1
82,81,74,76,66,76,47,61,72,1
75,82,69,63,11,66,60,55,67,1
84,67,80,79,56,84,54,66,84,1
71,82,53,66,45,56,39,61,62,0
68,79,39,63,51,60,49,78,69,0
84,91,77,77,74,84,70,68,79,1
90,87,80,73,49,84,44,62,77,1
70,74,55,64,31,52,36,67,72,0
88,89,77,68,67,80,60,80,76,1
67,83,51,49,40,68,48,63,56,0
84,95,70,80,81,76,54,67,72,1
83,85,75,78,65,62,51,59,58,0
43,54,35,36,3,40,23,36,34,0
94,91,92,86,61,86,70,67,79,1
91,90,85,74,63,88,64,80,90,1
77,88,79,77,74,68,43,63,82,1
85,84,69,45,50,72,49,56,71,0
82,92,69,66,65,66,54,73,80,1
80,93,72,70,49,54,38,75,68,0
80,80,67,64,42,76,49,64,57,0
83,87,65,72,48,78,56,51,76,1
78,85,69,53,50,82,46,68,67,1
77,91,78,72,53,66,52,51,73,0
71,78,73,72,45,48,47,48,63,0
81,94,77,84,47,58,63,50,73,1
72,76,59,66,35,70,37,62,78,0
79,91,70,78,45,70,53,73,78,0
77,79,69,55,50,60,62,72,75,1
81,87,80,64,57,64,56,76,94,1
88,91,85,72,67,64,58,72,85,1
84,91,76,71,63,78,56,68,79,1
85,81,75,71,52,66,59,58,77,1
82,92,78,75,54,74,39,66,72,1
80,77,70,76,63,88,65,69,66,1
91,92,91,77,70,76,59,86,83,1
92,92,77,79,57,84,65,70,93,1
73,81,71,69,53,68,55,64,78,0
82,92,78,73,92,72,46,80,74,1
76,80,70,71,54,68,52,75,66,0
87,94,81,68,64,76,62,67,80,1
88,90,81,79,72,84,57,51,73,1
85,91,75,86,70,74,54,54,75,1
88,91,80,83,63,84,61,69,86,1
90,91,88,87,59,70,61,73,61,1
82,92,62,80,41,86,81,74,75,1
90,91,75,69,91,70,46,77,85,1
81,83,61,64,56,42,39,76,71,0
75,65,52,51,44,74,32,73,58,0
85,91,79,71,59,66,47,49,63,1
90,92,65,65,62,64,62,53,81,1
77,85,75,61,47,58,54,55,74,0
79,86,81,55,62,64,49,68,78,1
66,77,49,53,33,40,34,58,67,0
70,83,69,53,53,72,38,57,75,1
65,82,55,50,48,66,45,60,51,0
78,88,80,63,65,72,46,76,68,1
84,89,77,66,68,80,50,66,85,1
35,34,36,25,9,90,15,25,34,0
76,88,46,71,50,56,39,69,48,0
84,90,74,70,77,80,44,78,74,0
88,83,73,67,18,58,53,83,86,1
82,89,66,67,56,62,57,68,82,1
71,86,66,62,-8,50,49,80,65,0
85,76,78,75,54,52,49,77,83,1
78,85,82,67,64,64,52,63,67,1
83,92,71,70,54,78,60,81,67,1
80,75,79,78,51,82,41,78,76,1
86,95,90,86,67,80,60,69,64,1
79,76,68,61,22,52,56,67,85,1
87,96,81,67,68,72,59,60,76,1
81,88,75,78,56,80,51,51,73,1
76,83,68,69,17,52,32,76,68,1
87,84,75,70,65,74,63,68,76,1
85,89,82,80,63,78,51,73,73,1
81,78,78,69,60,86,50,82,77,0
78,87,70,63,36,70,46,73,74,0
87,96,91,84,71,70,71,72,94,1
